attribute_id,attribute_name,attribute_question,group_id,active,attribute_tooltip
1,"{""fi"":""Asunnot"", ""sv"":""[Svenska]Asunnot"", ""en"":""[English]Asunnot""}","{""fi"":""Onko rakennuksessa asunnot?"", ""sv"":""[Svenska]Onko rakennuksessa asunnot?"", ""en"":""[English]Onko rakennuksessa asunnot?""}",,True,"{""fi"":"""", ""sv"":"""", ""en"":"""" }"
101,"{""fi"":""Asuinhuone"", ""sv"":""[Svenska]Asuinhuone"", ""en"":""[English]Asuinhuone""}","{""fi"":""Onko rakennuksessa asuinhuone?"", ""sv"":""[Svenska]Onko rakennuksessa asuinhuone?"", ""en"":""[English]Onko rakennuksessa asuinhuone?""}",,True,"{""fi"":"""", ""sv"":"""", ""en"":"""" }"
102,"{""fi"":""Eteinen"", ""sv"":""[Svenska]Eteinen"", ""en"":""[English]Eteinen""}","{""fi"":""Onko rakennuksessa eteinen?"", ""sv"":""[Svenska]Onko rakennuksessa eteinen?"", ""en"":""[English]Onko rakennuksessa eteinen?""}",,True,"{""fi"":"""", ""sv"":"""", ""en"":"""" }"
103,"{""fi"":""Keittiö"", ""sv"":""[Svenska]Keittiö"", ""en"":""[English]Keittiö""}","{""fi"":""Onko rakennuksessa keittiö?"", ""sv"":""[Svenska]Onko rakennuksessa keittiö?"", ""en"":""[English]Onko rakennuksessa keittiö?""}",,True,"{""fi"":"""", ""sv"":"""", ""en"":"""" }"
104,"{""fi"":""Kodinhoitohuone"", ""sv"":""[Svenska]Kodinhoitohuone"", ""en"":""[English]Kodinhoitohuone""}","{""fi"":""Onko rakennuksessa kodinhoitohuone?"", ""sv"":""[Svenska]Onko rakennuksessa kodinhoitohuone?"", ""en"":""[English]Onko rakennuksessa kodinhoitohuone?""}",,True,"{""fi"":"""", ""sv"":"""", ""en"":"""" }"
105,"{""fi"":""Käytävä"", ""sv"":""[Svenska]Käytävä"", ""en"":""[English]Käytävä""}","{""fi"":""Onko rakennuksessa käytävä?"", ""sv"":""[Svenska]Onko rakennuksessa käytävä?"", ""en"":""[English]Onko rakennuksessa käytävä?""}",,True,"{""fi"":"""", ""sv"":"""", ""en"":"""" }"
106,"{""fi"":""Löylyhuone"", ""sv"":""[Svenska]Löylyhuone"", ""en"":""[English]Löylyhuone""}","{""fi"":""Onko rakennuksessa löylyhuone?"", ""sv"":""[Svenska]Onko rakennuksessa löylyhuone?"", ""en"":""[English]Onko rakennuksessa löylyhuone?""}",,True,"{""fi"":"""", ""sv"":"""", ""en"":"""" }"
107,"{""fi"":""Makuuhuone"", ""sv"":""[Svenska]Makuuhuone"", ""en"":""[English]Makuuhuone""}","{""fi"":""Onko rakennuksessa makuuhuone?"", ""sv"":""[Svenska]Onko rakennuksessa makuuhuone?"", ""en"":""[English]Onko rakennuksessa makuuhuone?""}",,True,"{""fi"":"""", ""sv"":"""", ""en"":"""" }"
108,"{""fi"":""Olohuone"", ""sv"":""[Svenska]Olohuone"", ""en"":""[English]Olohuone""}","{""fi"":""Onko rakennuksessa olohuone?"", ""sv"":""[Svenska]Onko rakennuksessa olohuone?"", ""en"":""[English]Onko rakennuksessa olohuone?""}",,True,"{""fi"":"""", ""sv"":"""", ""en"":"""" }"
109,"{""fi"":""Pesuhuone"", ""sv"":""[Svenska]Pesuhuone"", ""en"":""[English]Pesuhuone""}","{""fi"":""Onko rakennuksessa pesuhuone?"", ""sv"":""[Svenska]Onko rakennuksessa pesuhuone?"", ""en"":""[English]Onko rakennuksessa pesuhuone?""}",,True,"{""fi"":"""", ""sv"":"""", ""en"":"""" }"
110,"{""fi"":""Ruokailutila"", ""sv"":""[Svenska]Ruokailutila"", ""en"":""[English]Ruokailutila""}","{""fi"":""Onko rakennuksessa ruokailutila?"", ""sv"":""[Svenska]Onko rakennuksessa ruokailutila?"", ""en"":""[English]Onko rakennuksessa ruokailutila?""}",,True,"{""fi"":"""", ""sv"":"""", ""en"":"""" }"
111,"{""fi"":""Tuulikaappi"", ""sv"":""[Svenska]Tuulikaappi"", ""en"":""[English]Tuulikaappi""}","{""fi"":""Onko rakennuksessa tuulikaappi?"", ""sv"":""[Svenska]Onko rakennuksessa tuulikaappi?"", ""en"":""[English]Onko rakennuksessa tuulikaappi?""}",,True,"{""fi"":"""", ""sv"":"""", ""en"":"""" }"
112,"{""fi"":""Vaatehuone"", ""sv"":""[Svenska]Vaatehuone"", ""en"":""[English]Vaatehuone""}","{""fi"":""Onko rakennuksessa vaatehuone?"", ""sv"":""[Svenska]Onko rakennuksessa vaatehuone?"", ""en"":""[English]Onko rakennuksessa vaatehuone?""}",,True,"{""fi"":"""", ""sv"":"""", ""en"":"""" }"
113,"{""fi"":""Varastohuone"", ""sv"":""[Svenska]Varastohuone"", ""en"":""[English]Varastohuone""}","{""fi"":""Onko rakennuksessa varastohuone?"", ""sv"":""[Svenska]Onko rakennuksessa varastohuone?"", ""en"":""[English]Onko rakennuksessa varastohuone?""}",,True,"{""fi"":"""", ""sv"":"""", ""en"":"""" }"
114,"{""fi"":""WC"", ""sv"":""[Svenska]WC"", ""en"":""[English]WC""}","{""fi"":""Onko rakennuksessa wc?"", ""sv"":""[Svenska]Onko rakennuksessa wc?"", ""en"":""[English]Onko rakennuksessa wc?""}",1,True,"{""fi"":"""", ""sv"":"""", ""en"":"""" }"
115,"{""fi"":""Porras"", ""sv"":""[Svenska]Porras"", ""en"":""[English]Porras""}","{""fi"":""Onko rakennuksessa porras?"", ""sv"":""[Svenska]Onko rakennuksessa porras?"", ""en"":""[English]Onko rakennuksessa porras?""}",,True,"{""fi"":"""", ""sv"":"""", ""en"":"""" }"
116,"{""fi"":""WC-pesuhuone"", ""sv"":""[Svenska]WC-pesuhuone"", ""en"":""[English]WC-pesuhuone""}","{""fi"":""Onko rakennuksessa wc-pesuhuone?"", ""sv"":""[Svenska]Onko rakennuksessa wc-pesuhuone?"", ""en"":""[English]Onko rakennuksessa wc-pesuhuone?""}",1,True,"{""fi"":"""", ""sv"":"""", ""en"":"""" }"
117,"{""fi"":""Keittotila"", ""sv"":""[Svenska]Keittotila"", ""en"":""[English]Keittotila""}","{""fi"":""Onko rakennuksessa keittotila?"", ""sv"":""[Svenska]Onko rakennuksessa keittotila?"", ""en"":""[English]Onko rakennuksessa keittotila?""}",,True,"{""fi"":"""", ""sv"":"""", ""en"":"""" }"
2,"{""fi"":""Talotekniikka"", ""sv"":""[Svenska]Talotekniikka"", ""en"":""[English]Talotekniikka""}","{""fi"":""Onko rakennuksessa talotekniikka?"", ""sv"":""[Svenska]Onko rakennuksessa talotekniikka?"", ""en"":""[English]Onko rakennuksessa talotekniikka?""}",,True,"{""fi"":"""", ""sv"":"""", ""en"":"""" }"
201,"{""fi"":""Tekniikkatila"", ""sv"":""[Svenska]Tekniikkatila"", ""en"":""[English]Tekniikkatila""}","{""fi"":""Onko rakennuksessa tekniikkatila?"", ""sv"":""[Svenska]Onko rakennuksessa tekniikkatila?"", ""en"":""[English]Onko rakennuksessa tekniikkatila?""}",,True,"{""fi"":"""", ""sv"":"""", ""en"":"""" }"
202,"{""fi"":""IV-konehuone"", ""sv"":""[Svenska]IV-konehuone"", ""en"":""[English]IV-konehuone""}","{""fi"":""Onko rakennuksessa iv-konehuone?"", ""sv"":""[Svenska]Onko rakennuksessa iv-konehuone?"", ""en"":""[English]Onko rakennuksessa iv-konehuone?""}",,True,"{""fi"":"""", ""sv"":"""", ""en"":"""" }"
203,"{""fi"":""Tekniikkakomero"", ""sv"":""[Svenska]Tekniikkakomero"", ""en"":""[English]Tekniikkakomero""}","{""fi"":""Onko rakennuksessa tekniikkakomero?"", ""sv"":""[Svenska]Onko rakennuksessa tekniikkakomero?"", ""en"":""[English]Onko rakennuksessa tekniikkakomero?""}",,True,"{""fi"":"""", ""sv"":"""", ""en"":"""" }"
204,"{""fi"":""Muuntamo"", ""sv"":""[Svenska]Muuntamo"", ""en"":""[English]Muuntamo""}","{""fi"":""Onko rakennuksessa muuntamo?"", ""sv"":""[Svenska]Onko rakennuksessa muuntamo?"", ""en"":""[English]Onko rakennuksessa muuntamo?""}",,True,"{""fi"":"""", ""sv"":"""", ""en"":"""" }"
205,"{""fi"":""Ristikytkentätila"", ""sv"":""[Svenska]Ristikytkentätila"", ""en"":""[English]Ristikytkentätila""}","{""fi"":""Onko rakennuksessa ristikytkentätila?"", ""sv"":""[Svenska]Onko rakennuksessa ristikytkentätila?"", ""en"":""[English]Onko rakennuksessa ristikytkentätila?""}",,False,"{""fi"":"""", ""sv"":"""", ""en"":"""" }"
206,"{""fi"":""Ilmanvaihto"", ""sv"":""[Svenska]Ilmanvaihto"", ""en"":""[English]Ilmanvaihto""}","{""fi"":""Onko rakennuksessa ilmanvaihto?"", ""sv"":""[Svenska]Onko rakennuksessa ilmanvaihto?"", ""en"":""[English]Onko rakennuksessa ilmanvaihto?""}",,False,"{""fi"":"""", ""sv"":"""", ""en"":"""" }"
207,"{""fi"":""Kasvien kasvatus"", ""sv"":""[Svenska]Kasvien kasvatus"", ""en"":""[English]Kasvien kasvatus""}","{""fi"":""Onko rakennuksessa kasvien kasvatus?"", ""sv"":""[Svenska]Onko rakennuksessa kasvien kasvatus?"", ""en"":""[English]Onko rakennuksessa kasvien kasvatus?""}",,True,"{""fi"":"""", ""sv"":"""", ""en"":"""" }"
208,"{""fi"":""Kasvihuone"", ""sv"":""[Svenska]Kasvihuone"", ""en"":""[English]Kasvihuone""}","{""fi"":""Onko rakennuksessa kasvihuone?"", ""sv"":""[Svenska]Onko rakennuksessa kasvihuone?"", ""en"":""[English]Onko rakennuksessa kasvihuone?""}",,False,"{""fi"":"""", ""sv"":"""", ""en"":"""" }"
3,"{""fi"":""Asumisen yhteistoiminta"", ""sv"":""[Svenska]Asumisen yhteistoiminta"", ""en"":""[English]Asumisen yhteistoiminta""}","{""fi"":""Onko rakennuksessa asumisen yhteistoiminta?"", ""sv"":""[Svenska]Onko rakennuksessa asumisen yhteistoiminta?"", ""en"":""[English]Onko rakennuksessa asumisen yhteistoiminta?""}",,True,"{""fi"":"""", ""sv"":"""", ""en"":"""" }"
301,"{""fi"":""Irtaimistovarasto"", ""sv"":""[Svenska]Irtaimistovarasto"", ""en"":""[English]Irtaimistovarasto""}","{""fi"":""Onko rakennuksessa irtaimistovarasto?"", ""sv"":""[Svenska]Onko rakennuksessa irtaimistovarasto?"", ""en"":""[English]Onko rakennuksessa irtaimistovarasto?""}",,True,"{""fi"":"""", ""sv"":"""", ""en"":"""" }"
302,"{""fi"":""Pukuhuone"", ""sv"":""[Svenska]Pukuhuone"", ""en"":""[English]Pukuhuone""}","{""fi"":""Onko rakennuksessa pukuhuone?"", ""sv"":""[Svenska]Onko rakennuksessa pukuhuone?"", ""en"":""[English]Onko rakennuksessa pukuhuone?""}",,True,"{""fi"":"""", ""sv"":"""", ""en"":"""" }"
303,"{""fi"":""WC, esteetön"", ""sv"":""[Svenska]WC, esteetön"", ""en"":""[English]WC, esteetön""}","{""fi"":""Onko rakennuksessa wc, esteetön?"", ""sv"":""[Svenska]Onko rakennuksessa wc, esteetön?"", ""en"":""[English]Onko rakennuksessa wc, esteetön?""}",1,True,"{""fi"":"""", ""sv"":"""", ""en"":"""" }"
304,"{""fi"":""Apuvälinevarasto"", ""sv"":""[Svenska]Apuvälinevarasto"", ""en"":""[English]Apuvälinevarasto""}","{""fi"":""Onko rakennuksessa apuvälinevarasto?"", ""sv"":""[Svenska]Onko rakennuksessa apuvälinevarasto?"", ""en"":""[English]Onko rakennuksessa apuvälinevarasto?""}",,True,"{""fi"":"""", ""sv"":"""", ""en"":"""" }"
305,"{""fi"":""Kuivaushuone"", ""sv"":""[Svenska]Kuivaushuone"", ""en"":""[English]Kuivaushuone""}","{""fi"":""Onko rakennuksessa kuivaushuone?"", ""sv"":""[Svenska]Onko rakennuksessa kuivaushuone?"", ""en"":""[English]Onko rakennuksessa kuivaushuone?""}",,True,"{""fi"":"""", ""sv"":"""", ""en"":"""" }"
306,"{""fi"":""Pesulatila"", ""sv"":""[Svenska]Pesulatila"", ""en"":""[English]Pesulatila""}","{""fi"":""Onko rakennuksessa pesulatila?"", ""sv"":""[Svenska]Onko rakennuksessa pesulatila?"", ""en"":""[English]Onko rakennuksessa pesulatila?""}",,True,"{""fi"":"""", ""sv"":"""", ""en"":"""" }"
307,"{""fi"":""WC,esteetön"", ""sv"":""[Svenska]WC,esteetön"", ""en"":""[English]WC,esteetön""}","{""fi"":""Onko rakennuksessa wc,esteetön?"", ""sv"":""[Svenska]Onko rakennuksessa wc,esteetön?"", ""en"":""[English]Onko rakennuksessa wc,esteetön?""}",,True,"{""fi"":"""", ""sv"":"""", ""en"":"""" }"
308,"{""fi"":""Kerhohuone"", ""sv"":""[Svenska]Kerhohuone"", ""en"":""[English]Kerhohuone""}","{""fi"":""Onko rakennuksessa kerhohuone?"", ""sv"":""[Svenska]Onko rakennuksessa kerhohuone?"", ""en"":""[English]Onko rakennuksessa kerhohuone?""}",,True,"{""fi"":"""", ""sv"":"""", ""en"":"""" }"
309,"{""fi"":""Oleskelutila"", ""sv"":""[Svenska]Oleskelutila"", ""en"":""[English]Oleskelutila""}","{""fi"":""Onko rakennuksessa oleskelutila?"", ""sv"":""[Svenska]Onko rakennuksessa oleskelutila?"", ""en"":""[English]Onko rakennuksessa oleskelutila?""}",,True,"{""fi"":"""", ""sv"":"""", ""en"":"""" }"
310,"{""fi"":""Aula"", ""sv"":""[Svenska]Aula"", ""en"":""[English]Aula""}","{""fi"":""Onko rakennuksessa aula?"", ""sv"":""[Svenska]Onko rakennuksessa aula?"", ""en"":""[English]Onko rakennuksessa aula?""}",,True,"{""fi"":"""", ""sv"":"""", ""en"":"""" }"
4,"{""fi"":""Kiinteistö"", ""sv"":""[Svenska]Kiinteistö"", ""en"":""[English]Kiinteistö""}","{""fi"":""Onko rakennuksessa kiinteistö?"", ""sv"":""[Svenska]Onko rakennuksessa kiinteistö?"", ""en"":""[English]Onko rakennuksessa kiinteistö?""}",,True,"{""fi"":"""", ""sv"":"""", ""en"":"""" }"
401,"{""fi"":""Jätehuone"", ""sv"":""[Svenska]Jätehuone"", ""en"":""[English]Jätehuone""}","{""fi"":""Onko rakennuksessa jätehuone?"", ""sv"":""[Svenska]Onko rakennuksessa jätehuone?"", ""en"":""[English]Onko rakennuksessa jätehuone?""}",,True,"{""fi"":"""", ""sv"":"""", ""en"":"""" }"
402,"{""fi"":""Siivoustila"", ""sv"":""[Svenska]Siivoustila"", ""en"":""[English]Siivoustila""}","{""fi"":""Onko rakennuksessa siivoustila?"", ""sv"":""[Svenska]Onko rakennuksessa siivoustila?"", ""en"":""[English]Onko rakennuksessa siivoustila?""}",,True,"{""fi"":"""", ""sv"":"""", ""en"":"""" }"
403,"{""fi"":""Varasto"", ""sv"":""[Svenska]Varasto"", ""en"":""[English]Varasto""}","{""fi"":""Onko rakennuksessa varasto?"", ""sv"":""[Svenska]Onko rakennuksessa varasto?"", ""en"":""[English]Onko rakennuksessa varasto?""}",,True,"{""fi"":"""", ""sv"":"""", ""en"":"""" }"
404,"{""fi"":""VSS"", ""sv"":""[Svenska]VSS"", ""en"":""[English]VSS""}","{""fi"":""Onko rakennuksessa vss?"", ""sv"":""[Svenska]Onko rakennuksessa vss?"", ""en"":""[English]Onko rakennuksessa vss?""}",,True,"{""fi"":"""", ""sv"":"""", ""en"":"""" }"
405,"{""fi"":""Siivouskeskus"", ""sv"":""[Svenska]Siivouskeskus"", ""en"":""[English]Siivouskeskus""}","{""fi"":""Onko rakennuksessa siivouskeskus?"", ""sv"":""[Svenska]Onko rakennuksessa siivouskeskus?"", ""en"":""[English]Onko rakennuksessa siivouskeskus?""}",,True,"{""fi"":"""", ""sv"":"""", ""en"":"""" }"
406,"{""fi"":""Siivouskomero"", ""sv"":""[Svenska]Siivouskomero"", ""en"":""[English]Siivouskomero""}","{""fi"":""Onko rakennuksessa siivouskomero?"", ""sv"":""[Svenska]Onko rakennuksessa siivouskomero?"", ""en"":""[English]Onko rakennuksessa siivouskomero?""}",,True,"{""fi"":"""", ""sv"":"""", ""en"":"""" }"
407,"{""fi"":""Siivous"", ""sv"":""[Svenska]Siivous"", ""en"":""[English]Siivous""}","{""fi"":""Onko rakennuksessa siivous?"", ""sv"":""[Svenska]Onko rakennuksessa siivous?"", ""en"":""[English]Onko rakennuksessa siivous?""}",,True,"{""fi"":"""", ""sv"":"""", ""en"":"""" }"
408,"{""fi"":""VSS-tekniikka- ja välinevaraus"", ""sv"":""[Svenska]VSS-tekniikka- ja välinevaraus"", ""en"":""[English]VSS-tekniikka- ja välinevaraus""}","{""fi"":""Onko rakennuksessa vss-tekniikka- ja välinevaraus?"", ""sv"":""[Svenska]Onko rakennuksessa vss-tekniikka- ja välinevaraus?"", ""en"":""[English]Onko rakennuksessa vss-tekniikka- ja välinevaraus?""}",,False,"{""fi"":"""", ""sv"":"""", ""en"":"""" }"
5,"{""fi"":""Osastoiva liikenne"", ""sv"":""[Svenska]Osastoiva liikenne"", ""en"":""[English]Osastoiva liikenne""}","{""fi"":""Onko rakennuksessa osastoiva liikenne?"", ""sv"":""[Svenska]Onko rakennuksessa osastoiva liikenne?"", ""en"":""[English]Onko rakennuksessa osastoiva liikenne?""}",,True,"{""fi"":"""", ""sv"":"""", ""en"":"""" }"
501,"{""fi"":""Porrasaula"", ""sv"":""[Svenska]Porrasaula"", ""en"":""[English]Porrasaula""}","{""fi"":""Onko rakennuksessa porrasaula?"", ""sv"":""[Svenska]Onko rakennuksessa porrasaula?"", ""en"":""[English]Onko rakennuksessa porrasaula?""}",,True,"{""fi"":"""", ""sv"":"""", ""en"":"""" }"
502,"{""fi"":""Porrashuone"", ""sv"":""[Svenska]Porrashuone"", ""en"":""[English]Porrashuone""}","{""fi"":""Onko rakennuksessa porrashuone?"", ""sv"":""[Svenska]Onko rakennuksessa porrashuone?"", ""en"":""[English]Onko rakennuksessa porrashuone?""}",,True,"{""fi"":"""", ""sv"":"""", ""en"":"""" }"
6,"{""fi"":""Palveluasuminen"", ""sv"":""[Svenska]Palveluasuminen"", ""en"":""[English]Palveluasuminen""}","{""fi"":""Onko rakennuksessa palveluasuminen?"", ""sv"":""[Svenska]Onko rakennuksessa palveluasuminen?"", ""en"":""[English]Onko rakennuksessa palveluasuminen?""}",,True,"{""fi"":"""", ""sv"":"""", ""en"":"""" }"
601,"{""fi"":""WC-pesuhuone, esteetön"", ""sv"":""[Svenska]WC-pesuhuone, esteetön"", ""en"":""[English]WC-pesuhuone, esteetön""}","{""fi"":""Onko rakennuksessa wc-pesuhuone, esteetön?"", ""sv"":""[Svenska]Onko rakennuksessa wc-pesuhuone, esteetön?"", ""en"":""[English]Onko rakennuksessa wc-pesuhuone, esteetön?""}",1,True,"{""fi"":"""", ""sv"":"""", ""en"":"""" }"
7,"{""fi"":""Tietotyö"", ""sv"":""[Svenska]Tietotyö"", ""en"":""[English]Tietotyö""}","{""fi"":""Onko rakennuksessa tietotyö?"", ""sv"":""[Svenska]Onko rakennuksessa tietotyö?"", ""en"":""[English]Onko rakennuksessa tietotyö?""}",,True,"{""fi"":"""", ""sv"":"""", ""en"":"""" }"
701,"{""fi"":""Keskittymistila"", ""sv"":""[Svenska]Keskittymistila"", ""en"":""[English]Keskittymistila""}","{""fi"":""Onko rakennuksessa keskittymistila?"", ""sv"":""[Svenska]Onko rakennuksessa keskittymistila?"", ""en"":""[English]Onko rakennuksessa keskittymistila?""}",,True,"{""fi"":"""", ""sv"":"""", ""en"":"""" }"
702,"{""fi"":""Työpistealue"", ""sv"":""[Svenska]Työpistealue"", ""en"":""[English]Työpistealue""}","{""fi"":""Onko rakennuksessa työpistealue?"", ""sv"":""[Svenska]Onko rakennuksessa työpistealue?"", ""en"":""[English]Onko rakennuksessa työpistealue?""}",,True,"{""fi"":"""", ""sv"":"""", ""en"":"""" }"
703,"{""fi"":""Toimistotila"", ""sv"":""[Svenska]Toimistotila"", ""en"":""[English]Toimistotila""}","{""fi"":""Onko rakennuksessa toimistotila?"", ""sv"":""[Svenska]Onko rakennuksessa toimistotila?"", ""en"":""[English]Onko rakennuksessa toimistotila?""}",,True,"{""fi"":"""", ""sv"":"""", ""en"":"""" }"
704,"{""fi"":""Toimistohuone"", ""sv"":""[Svenska]Toimistohuone"", ""en"":""[English]Toimistohuone""}","{""fi"":""Onko rakennuksessa toimistohuone?"", ""sv"":""[Svenska]Onko rakennuksessa toimistohuone?"", ""en"":""[English]Onko rakennuksessa toimistohuone?""}",,True,"{""fi"":"""", ""sv"":"""", ""en"":"""" }"
705,"{""fi"":""Neuvottelualue"", ""sv"":""[Svenska]Neuvottelualue"", ""en"":""[English]Neuvottelualue""}","{""fi"":""Onko rakennuksessa neuvottelualue?"", ""sv"":""[Svenska]Onko rakennuksessa neuvottelualue?"", ""en"":""[English]Onko rakennuksessa neuvottelualue?""}",,True,"{""fi"":"""", ""sv"":"""", ""en"":"""" }"
706,"{""fi"":""Neuvottelutila"", ""sv"":""[Svenska]Neuvottelutila"", ""en"":""[English]Neuvottelutila""}","{""fi"":""Onko rakennuksessa neuvottelutila?"", ""sv"":""[Svenska]Onko rakennuksessa neuvottelutila?"", ""en"":""[English]Onko rakennuksessa neuvottelutila?""}",,True,"{""fi"":"""", ""sv"":"""", ""en"":"""" }"
707,"{""fi"":""Toimistoaputila"", ""sv"":""[Svenska]Toimistoaputila"", ""en"":""[English]Toimistoaputila""}","{""fi"":""Onko rakennuksessa toimistoaputila?"", ""sv"":""[Svenska]Onko rakennuksessa toimistoaputila?"", ""en"":""[English]Onko rakennuksessa toimistoaputila?""}",,True,"{""fi"":"""", ""sv"":"""", ""en"":"""" }"
708,"{""fi"":""Valvomo"", ""sv"":""[Svenska]Valvomo"", ""en"":""[English]Valvomo""}","{""fi"":""Onko rakennuksessa valvomo?"", ""sv"":""[Svenska]Onko rakennuksessa valvomo?"", ""en"":""[English]Onko rakennuksessa valvomo?""}",,True,"{""fi"":"""", ""sv"":"""", ""en"":"""" }"
709,"{""fi"":""Postinjakelu"", ""sv"":""[Svenska]Postinjakelu"", ""en"":""[English]Postinjakelu""}","{""fi"":""Onko rakennuksessa postinjakelu?"", ""sv"":""[Svenska]Onko rakennuksessa postinjakelu?"", ""en"":""[English]Onko rakennuksessa postinjakelu?""}",,False,"{""fi"":"""", ""sv"":"""", ""en"":"""" }"
710,"{""fi"":""Arkistotila"", ""sv"":""[Svenska]Arkistotila"", ""en"":""[English]Arkistotila""}","{""fi"":""Onko rakennuksessa arkistotila?"", ""sv"":""[Svenska]Onko rakennuksessa arkistotila?"", ""en"":""[English]Onko rakennuksessa arkistotila?""}",,True,"{""fi"":"""", ""sv"":"""", ""en"":"""" }"
711,"{""fi"":""Palveltila"", ""sv"":""[Svenska]Palveltila"", ""en"":""[English]Palveltila""}","{""fi"":""Onko rakennuksessa palveltila?"", ""sv"":""[Svenska]Onko rakennuksessa palveltila?"", ""en"":""[English]Onko rakennuksessa palveltila?""}",,False,"{""fi"":"""", ""sv"":"""", ""en"":"""" }"
712,"{""fi"":""Postijakelu"", ""sv"":""[Svenska]Postijakelu"", ""en"":""[English]Postijakelu""}","{""fi"":""Onko rakennuksessa postijakelu?"", ""sv"":""[Svenska]Onko rakennuksessa postijakelu?"", ""en"":""[English]Onko rakennuksessa postijakelu?""}",,False,"{""fi"":"""", ""sv"":"""", ""en"":"""" }"
8,"{""fi"":""Henkilöstö"", ""sv"":""[Svenska]Henkilöstö"", ""en"":""[English]Henkilöstö""}","{""fi"":""Onko rakennuksessa henkilöstö?"", ""sv"":""[Svenska]Onko rakennuksessa henkilöstö?"", ""en"":""[English]Onko rakennuksessa henkilöstö?""}",,True,"{""fi"":"""", ""sv"":"""", ""en"":"""" }"
801,"{""fi"":""Taukotila"", ""sv"":""[Svenska]Taukotila"", ""en"":""[English]Taukotila""}","{""fi"":""Onko rakennuksessa taukotila?"", ""sv"":""[Svenska]Onko rakennuksessa taukotila?"", ""en"":""[English]Onko rakennuksessa taukotila?""}",,True,"{""fi"":"""", ""sv"":"""", ""en"":"""" }"
802,"{""fi"":""Säilytyslokerot"", ""sv"":""[Svenska]Säilytyslokerot"", ""en"":""[English]Säilytyslokerot""}","{""fi"":""Onko rakennuksessa säilytyslokerot?"", ""sv"":""[Svenska]Onko rakennuksessa säilytyslokerot?"", ""en"":""[English]Onko rakennuksessa säilytyslokerot?""}",,True,"{""fi"":"""", ""sv"":"""", ""en"":"""" }"
803,"{""fi"":""Kiinteistötoiminta"", ""sv"":""[Svenska]Kiinteistötoiminta"", ""en"":""[English]Kiinteistötoiminta""}","{""fi"":""Onko rakennuksessa kiinteistötoiminta?"", ""sv"":""[Svenska]Onko rakennuksessa kiinteistötoiminta?"", ""en"":""[English]Onko rakennuksessa kiinteistötoiminta?""}",,True,"{""fi"":"""", ""sv"":"""", ""en"":"""" }"
9,"{""fi"":""Laitospalvelu"", ""sv"":""[Svenska]Laitospalvelu"", ""en"":""[English]Laitospalvelu""}","{""fi"":""Onko rakennuksessa laitospalvelu?"", ""sv"":""[Svenska]Onko rakennuksessa laitospalvelu?"", ""en"":""[English]Onko rakennuksessa laitospalvelu?""}",,True,"{""fi"":"""", ""sv"":"""", ""en"":"""" }"
901,"{""fi"":""Huoltohuone"", ""sv"":""[Svenska]Huoltohuone"", ""en"":""[English]Huoltohuone""}","{""fi"":""Onko rakennuksessa huoltohuone?"", ""sv"":""[Svenska]Onko rakennuksessa huoltohuone?"", ""en"":""[English]Onko rakennuksessa huoltohuone?""}",,True,"{""fi"":"""", ""sv"":"""", ""en"":"""" }"
902,"{""fi"":""Jakelukeittiö"", ""sv"":""[Svenska]Jakelukeittiö"", ""en"":""[English]Jakelukeittiö""}","{""fi"":""Onko rakennuksessa jakelukeittiö?"", ""sv"":""[Svenska]Onko rakennuksessa jakelukeittiö?"", ""en"":""[English]Onko rakennuksessa jakelukeittiö?""}",,True,"{""fi"":""Jakelukeittiö on huonetila, jossa annostellaan muualta kuljetettuja kuumana tai kylminä säilytettäviä ruokia."", ""sv"":"""", ""en"":"""" }"
903,"{""fi"":""Lääkehuone"", ""sv"":""[Svenska]Lääkehuone"", ""en"":""[English]Lääkehuone""}","{""fi"":""Onko rakennuksessa lääkehuone?"", ""sv"":""[Svenska]Onko rakennuksessa lääkehuone?"", ""en"":""[English]Onko rakennuksessa lääkehuone?""}",,True,"{""fi"":"""", ""sv"":"""", ""en"":"""" }"
904,"{""fi"":""Tavaran vastaanotto"", ""sv"":""[Svenska]Tavaran vastaanotto"", ""en"":""[English]Tavaran vastaanotto""}","{""fi"":""Onko rakennuksessa tavaran vastaanotto?"", ""sv"":""[Svenska]Onko rakennuksessa tavaran vastaanotto?"", ""en"":""[English]Onko rakennuksessa tavaran vastaanotto?""}",,True,"{""fi"":"""", ""sv"":"""", ""en"":"""" }"
905,"{""fi"":""Varastosyvennys"", ""sv"":""[Svenska]Varastosyvennys"", ""en"":""[English]Varastosyvennys""}","{""fi"":""Onko rakennuksessa varastosyvennys?"", ""sv"":""[Svenska]Onko rakennuksessa varastosyvennys?"", ""en"":""[English]Onko rakennuksessa varastosyvennys?""}",,True,"{""fi"":"""", ""sv"":"""", ""en"":"""" }"
906,"{""fi"":""Pesula"", ""sv"":""[Svenska]Pesula"", ""en"":""[English]Pesula""}","{""fi"":""Onko rakennuksessa pesula?"", ""sv"":""[Svenska]Onko rakennuksessa pesula?"", ""en"":""[English]Onko rakennuksessa pesula?""}",,True,"{""fi"":"""", ""sv"":"""", ""en"":"""" }"
10,"{""fi"":""Asunto"", ""sv"":""[Svenska]Asunto"", ""en"":""[English]Asunto""}","{""fi"":""Onko rakennuksessa asunto?"", ""sv"":""[Svenska]Onko rakennuksessa asunto?"", ""en"":""[English]Onko rakennuksessa asunto?""}",,False,"{""fi"":"""", ""sv"":"""", ""en"":"""" }"
1001,"{""fi"":""Tupa"", ""sv"":""[Svenska]Tupa"", ""en"":""[English]Tupa""}","{""fi"":""Onko rakennuksessa tupa?"", ""sv"":""[Svenska]Onko rakennuksessa tupa?"", ""en"":""[English]Onko rakennuksessa tupa?""}",,True,"{""fi"":"""", ""sv"":"""", ""en"":"""" }"
11,"{""fi"":""Varastointi"", ""sv"":""[Svenska]Varastointi"", ""en"":""[English]Varastointi""}","{""fi"":""Onko rakennuksessa varastointi?"", ""sv"":""[Svenska]Onko rakennuksessa varastointi?"", ""en"":""[English]Onko rakennuksessa varastointi?""}",,True,"{""fi"":"""", ""sv"":"""", ""en"":"""" }"
1101,"{""fi"":""Varastohuone, lämmittämätön"", ""sv"":""[Svenska]Varastohuone, lämmittämätön"", ""en"":""[English]Varastohuone, lämmittämätön""}","{""fi"":""Onko rakennuksessa varastohuone, lämmittämätön?"", ""sv"":""[Svenska]Onko rakennuksessa varastohuone, lämmittämätön?"", ""en"":""[English]Onko rakennuksessa varastohuone, lämmittämätön?""}",,True,"{""fi"":"""", ""sv"":"""", ""en"":"""" }"
1102,"{""fi"":""Kylmävarasto"", ""sv"":""[Svenska]Kylmävarasto"", ""en"":""[English]Kylmävarasto""}","{""fi"":""Onko rakennuksessa kylmävarasto?"", ""sv"":""[Svenska]Onko rakennuksessa kylmävarasto?"", ""en"":""[English]Onko rakennuksessa kylmävarasto?""}",,True,"{""fi"":"""", ""sv"":"""", ""en"":"""" }"
1103,"{""fi"":""Pakastevarasto"", ""sv"":""[Svenska]Pakastevarasto"", ""en"":""[English]Pakastevarasto""}","{""fi"":""Onko rakennuksessa pakastevarasto?"", ""sv"":""[Svenska]Onko rakennuksessa pakastevarasto?"", ""en"":""[English]Onko rakennuksessa pakastevarasto?""}",,True,"{""fi"":"""", ""sv"":"""", ""en"":"""" }"
1104,"{""fi"":""Ulkovarasto"", ""sv"":""[Svenska]Ulkovarasto"", ""en"":""[English]Ulkovarasto""}","{""fi"":""Onko rakennuksessa ulkovarasto?"", ""sv"":""[Svenska]Onko rakennuksessa ulkovarasto?"", ""en"":""[English]Onko rakennuksessa ulkovarasto?""}",,True,"{""fi"":"""", ""sv"":"""", ""en"":"""" }"
12,"{""fi"":""Saunominen"", ""sv"":""[Svenska]Saunominen"", ""en"":""[English]Saunominen""}","{""fi"":""Onko rakennuksessa saunominen?"", ""sv"":""[Svenska]Onko rakennuksessa saunominen?"", ""en"":""[English]Onko rakennuksessa saunominen?""}",,False,"{""fi"":"""", ""sv"":"""", ""en"":"""" }"
13,"{""fi"":""Kauppa"", ""sv"":""[Svenska]Kauppa"", ""en"":""[English]Kauppa""}","{""fi"":""Onko rakennuksessa kauppa?"", ""sv"":""[Svenska]Onko rakennuksessa kauppa?"", ""en"":""[English]Onko rakennuksessa kauppa?""}",,True,"{""fi"":"""", ""sv"":"""", ""en"":"""" }"
1301,"{""fi"":""Kassa-alue"", ""sv"":""[Svenska]Kassa-alue"", ""en"":""[English]Kassa-alue""}","{""fi"":""Onko rakennuksessa kassa-alue?"", ""sv"":""[Svenska]Onko rakennuksessa kassa-alue?"", ""en"":""[English]Onko rakennuksessa kassa-alue?""}",,True,"{""fi"":"""", ""sv"":"""", ""en"":"""" }"
1302,"{""fi"":""Laitetila"", ""sv"":""[Svenska]Laitetila"", ""en"":""[English]Laitetila""}","{""fi"":""Onko rakennuksessa laitetila?"", ""sv"":""[Svenska]Onko rakennuksessa laitetila?"", ""en"":""[English]Onko rakennuksessa laitetila?""}",,True,"{""fi"":"""", ""sv"":"""", ""en"":"""" }"
1303,"{""fi"":""Myyntialue"", ""sv"":""[Svenska]Myyntialue"", ""en"":""[English]Myyntialue""}","{""fi"":""Onko rakennuksessa myyntialue?"", ""sv"":""[Svenska]Onko rakennuksessa myyntialue?"", ""en"":""[English]Onko rakennuksessa myyntialue?""}",,True,"{""fi"":"""", ""sv"":"""", ""en"":"""" }"
1304,"{""fi"":""Varastotila"", ""sv"":""[Svenska]Varastotila"", ""en"":""[English]Varastotila""}","{""fi"":""Onko rakennuksessa varastotila?"", ""sv"":""[Svenska]Onko rakennuksessa varastotila?"", ""en"":""[English]Onko rakennuksessa varastotila?""}",,True,"{""fi"":"""", ""sv"":"""", ""en"":"""" }"
1305,"{""fi"":""Palvelupiste"", ""sv"":""[Svenska]Palvelupiste"", ""en"":""[English]Palvelupiste""}","{""fi"":""Onko rakennuksessa palvelupiste?"", ""sv"":""[Svenska]Onko rakennuksessa palvelupiste?"", ""en"":""[English]Onko rakennuksessa palvelupiste?""}",,True,"{""fi"":"""", ""sv"":"""", ""en"":"""" }"
1306,"{""fi"":""Sovitustila"", ""sv"":""[Svenska]Sovitustila"", ""en"":""[English]Sovitustila""}","{""fi"":""Onko rakennuksessa sovitustila?"", ""sv"":""[Svenska]Onko rakennuksessa sovitustila?"", ""en"":""[English]Onko rakennuksessa sovitustila?""}",,True,"{""fi"":"""", ""sv"":"""", ""en"":"""" }"
1307,"{""fi"":""Varastohalli"", ""sv"":""[Svenska]Varastohalli"", ""en"":""[English]Varastohalli""}","{""fi"":""Onko rakennuksessa varastohalli?"", ""sv"":""[Svenska]Onko rakennuksessa varastohalli?"", ""en"":""[English]Onko rakennuksessa varastohalli?""}",,True,"{""fi"":"""", ""sv"":"""", ""en"":"""" }"
1308,"{""fi"":""Liiketila"", ""sv"":""[Svenska]Liiketila"", ""en"":""[English]Liiketila""}","{""fi"":""Onko rakennuksessa liiketila?"", ""sv"":""[Svenska]Onko rakennuksessa liiketila?"", ""en"":""[English]Onko rakennuksessa liiketila?""}",,False,"{""fi"":"""", ""sv"":"""", ""en"":"""" }"
14,"{""fi"":""Muu toiminta"", ""sv"":""[Svenska]Muu toiminta"", ""en"":""[English]Muu toiminta""}","{""fi"":""Onko rakennuksessa muu toiminta?"", ""sv"":""[Svenska]Onko rakennuksessa muu toiminta?"", ""en"":""[English]Onko rakennuksessa muu toiminta?""}",,False,"{""fi"":"""", ""sv"":"""", ""en"":"""" }"
1401,"{""fi"":""Valmistuskeittiö"", ""sv"":""[Svenska]Valmistuskeittiö"", ""en"":""[English]Valmistuskeittiö""}","{""fi"":""Onko rakennuksessa valmistuskeittiö?"", ""sv"":""[Svenska]Onko rakennuksessa valmistuskeittiö?"", ""en"":""[English]Onko rakennuksessa valmistuskeittiö?""}",,True,"{""fi"":""Valmistuskeittiö on huonetila, jossa ruoan valmistus tapahtuu paistamalla pannussa, parilalla, uunissa tai uppokeittämällä rasvassa."", ""sv"":"""", ""en"":"""" }"
1402,"{""fi"":""ATK-opetustila"", ""sv"":""[Svenska]ATK-opetustila"", ""en"":""[English]ATK-opetustila""}","{""fi"":""Onko rakennuksessa atk-opetustila?"", ""sv"":""[Svenska]Onko rakennuksessa atk-opetustila?"", ""en"":""[English]Onko rakennuksessa atk-opetustila?""}",,True,"{""fi"":"""", ""sv"":"""", ""en"":"""" }"
1403,"{""fi"":""Kappelisali"", ""sv"":""[Svenska]Kappelisali"", ""en"":""[English]Kappelisali""}","{""fi"":""Onko rakennuksessa kappelisali?"", ""sv"":""[Svenska]Onko rakennuksessa kappelisali?"", ""en"":""[English]Onko rakennuksessa kappelisali?""}",,True,"{""fi"":"""", ""sv"":"""", ""en"":"""" }"
1404,"{""fi"":""Metallityötila"", ""sv"":""[Svenska]Metallityötila"", ""en"":""[English]Metallityötila""}","{""fi"":""Onko rakennuksessa metallityötila?"", ""sv"":""[Svenska]Onko rakennuksessa metallityötila?"", ""en"":""[English]Onko rakennuksessa metallityötila?""}",,True,"{""fi"":"""", ""sv"":"""", ""en"":"""" }"
1405,"{""fi"":""Opetuskeittiö"", ""sv"":""[Svenska]Opetuskeittiö"", ""en"":""[English]Opetuskeittiö""}","{""fi"":""Onko rakennuksessa opetuskeittiö?"", ""sv"":""[Svenska]Onko rakennuksessa opetuskeittiö?"", ""en"":""[English]Onko rakennuksessa opetuskeittiö?""}",,True,"{""fi"":"""", ""sv"":"""", ""en"":"""" }"
1406,"{""fi"":""Puutyökonesali"", ""sv"":""[Svenska]Puutyökonesali"", ""en"":""[English]Puutyökonesali""}","{""fi"":""Onko rakennuksessa puutyökonesali?"", ""sv"":""[Svenska]Onko rakennuksessa puutyökonesali?"", ""en"":""[English]Onko rakennuksessa puutyökonesali?""}",,True,"{""fi"":"""", ""sv"":"""", ""en"":"""" }"
1407,"{""fi"":""Sähkötyötila"", ""sv"":""[Svenska]Sähkötyötila"", ""en"":""[English]Sähkötyötila""}","{""fi"":""Onko rakennuksessa sähkötyötila?"", ""sv"":""[Svenska]Onko rakennuksessa sähkötyötila?"", ""en"":""[English]Onko rakennuksessa sähkötyötila?""}",,True,"{""fi"":"""", ""sv"":"""", ""en"":"""" }"
1408,"{""fi"":""Tapaamistila"", ""sv"":""[Svenska]Tapaamistila"", ""en"":""[English]Tapaamistila""}","{""fi"":""Onko rakennuksessa tapaamistila?"", ""sv"":""[Svenska]Onko rakennuksessa tapaamistila?"", ""en"":""[English]Onko rakennuksessa tapaamistila?""}",,True,"{""fi"":"""", ""sv"":"""", ""en"":"""" }"
1409,"{""fi"":""Tekstiilityötila"", ""sv"":""[Svenska]Tekstiilityötila"", ""en"":""[English]Tekstiilityötila""}","{""fi"":""Onko rakennuksessa tekstiilityötila?"", ""sv"":""[Svenska]Onko rakennuksessa tekstiilityötila?"", ""en"":""[English]Onko rakennuksessa tekstiilityötila?""}",,True,"{""fi"":"""", ""sv"":"""", ""en"":"""" }"
15,"{""fi"":""Ravinto"", ""sv"":""[Svenska]Ravinto"", ""en"":""[English]Ravinto""}","{""fi"":""Onko rakennuksessa ravinto?"", ""sv"":""[Svenska]Onko rakennuksessa ravinto?"", ""en"":""[English]Onko rakennuksessa ravinto?""}",,True,"{""fi"":"""", ""sv"":"""", ""en"":"""" }"
1501,"{""fi"":""Baari"", ""sv"":""[Svenska]Baari"", ""en"":""[English]Baari""}","{""fi"":""Onko rakennuksessa baari?"", ""sv"":""[Svenska]Onko rakennuksessa baari?"", ""en"":""[English]Onko rakennuksessa baari?""}",,True,"{""fi"":"""", ""sv"":"""", ""en"":"""" }"
1502,"{""fi"":""Jätekylmiö"", ""sv"":""[Svenska]Jätekylmiö"", ""en"":""[English]Jätekylmiö""}","{""fi"":""Onko rakennuksessa jätekylmiö?"", ""sv"":""[Svenska]Onko rakennuksessa jätekylmiö?"", ""en"":""[English]Onko rakennuksessa jätekylmiö?""}",,True,"{""fi"":"""", ""sv"":"""", ""en"":"""" }"
1503,"{""fi"":""Ravintolasali"", ""sv"":""[Svenska]Ravintolasali"", ""en"":""[English]Ravintolasali""}","{""fi"":""Onko rakennuksessa ravintolasali?"", ""sv"":""[Svenska]Onko rakennuksessa ravintolasali?"", ""en"":""[English]Onko rakennuksessa ravintolasali?""}",,True,"{""fi"":"""", ""sv"":"""", ""en"":"""" }"
1504,"{""fi"":""Vaatetila"", ""sv"":""[Svenska]Vaatetila"", ""en"":""[English]Vaatetila""}","{""fi"":""Onko rakennuksessa vaatetila?"", ""sv"":""[Svenska]Onko rakennuksessa vaatetila?"", ""en"":""[English]Onko rakennuksessa vaatetila?""}",,True,"{""fi"":"""", ""sv"":"""", ""en"":"""" }"
1505,"{""fi"":""Kahvilasali"", ""sv"":""[Svenska]Kahvilasali"", ""en"":""[English]Kahvilasali""}","{""fi"":""Onko rakennuksessa kahvilasali?"", ""sv"":""[Svenska]Onko rakennuksessa kahvilasali?"", ""en"":""[English]Onko rakennuksessa kahvilasali?""}",,True,"{""fi"":"""", ""sv"":"""", ""en"":"""" }"
1506,"{""fi"":""Astiapalautus"", ""sv"":""[Svenska]Astiapalautus"", ""en"":""[English]Astiapalautus""}","{""fi"":""Onko rakennuksessa astiapalautus?"", ""sv"":""[Svenska]Onko rakennuksessa astiapalautus?"", ""en"":""[English]Onko rakennuksessa astiapalautus?""}",,True,"{""fi"":"""", ""sv"":"""", ""en"":"""" }"
1507,"{""fi"":""Kuumennuskeittiö"", ""sv"":""[Svenska]Kuumennuskeittiö"", ""en"":""[English]Kuumennuskeittiö""}","{""fi"":""Onko rakennuksessa kuumennuskeittiö?"", ""sv"":""[Svenska]Onko rakennuksessa kuumennuskeittiö?"", ""en"":""[English]Onko rakennuksessa kuumennuskeittiö?""}",,True,"{""fi"":""Kuumennuskeittiö on huonetila, jossa esikypsennettyjä tai valmiita ruokia valmistetaan kuumentamalla uunissa, vesihauteessa tai keittämällä."", ""sv"":"""", ""en"":"""" }"
1508,"{""fi"":""Ruokasali"", ""sv"":""[Svenska]Ruokasali"", ""en"":""[English]Ruokasali""}","{""fi"":""Onko rakennuksessa ruokasali?"", ""sv"":""[Svenska]Onko rakennuksessa ruokasali?"", ""en"":""[English]Onko rakennuksessa ruokasali?""}",,True,"{""fi"":"""", ""sv"":"""", ""en"":"""" }"
1509,"{""fi"":""Ruuanjakelu"", ""sv"":""[Svenska]Ruuanjakelu"", ""en"":""[English]Ruuanjakelu""}","{""fi"":""Onko rakennuksessa ruuanjakelu?"", ""sv"":""[Svenska]Onko rakennuksessa ruuanjakelu?"", ""en"":""[English]Onko rakennuksessa ruuanjakelu?""}",,True,"{""fi"":"""", ""sv"":"""", ""en"":"""" }"
1510,"{""fi"":""Astianpalautus"", ""sv"":""[Svenska]Astianpalautus"", ""en"":""[English]Astianpalautus""}","{""fi"":""Onko rakennuksessa astianpalautus?"", ""sv"":""[Svenska]Onko rakennuksessa astianpalautus?"", ""en"":""[English]Onko rakennuksessa astianpalautus?""}",,True,"{""fi"":"""", ""sv"":"""", ""en"":"""" }"
16,"{""fi"":""Majoitus"", ""sv"":""[Svenska]Majoitus"", ""en"":""[English]Majoitus""}","{""fi"":""Onko rakennuksessa majoitus?"", ""sv"":""[Svenska]Onko rakennuksessa majoitus?"", ""en"":""[English]Onko rakennuksessa majoitus?""}",,True,"{""fi"":"""", ""sv"":"""", ""en"":"""" }"
1601,"{""fi"":""Majoitushuone"", ""sv"":""[Svenska]Majoitushuone"", ""en"":""[English]Majoitushuone""}","{""fi"":""Onko rakennuksessa majoitushuone?"", ""sv"":""[Svenska]Onko rakennuksessa majoitushuone?"", ""en"":""[English]Onko rakennuksessa majoitushuone?""}",,True,"{""fi"":"""", ""sv"":"""", ""en"":"""" }"
17,"{""fi"":""Asiakaspalvelu"", ""sv"":""[Svenska]Asiakaspalvelu"", ""en"":""[English]Asiakaspalvelu""}","{""fi"":""Onko rakennuksessa asiakaspalvelu?"", ""sv"":""[Svenska]Onko rakennuksessa asiakaspalvelu?"", ""en"":""[English]Onko rakennuksessa asiakaspalvelu?""}",,True,"{""fi"":"""", ""sv"":"""", ""en"":"""" }"
1701,"{""fi"":""Sulkutila"", ""sv"":""[Svenska]Sulkutila"", ""en"":""[English]Sulkutila""}","{""fi"":""Onko rakennuksessa sulkutila?"", ""sv"":""[Svenska]Onko rakennuksessa sulkutila?"", ""en"":""[English]Onko rakennuksessa sulkutila?""}",,True,"{""fi"":"""", ""sv"":"""", ""en"":"""" }"
1702,"{""fi"":""Hoitohuone"", ""sv"":""[Svenska]Hoitohuone"", ""en"":""[English]Hoitohuone""}","{""fi"":""Onko rakennuksessa hoitohuone?"", ""sv"":""[Svenska]Onko rakennuksessa hoitohuone?"", ""en"":""[English]Onko rakennuksessa hoitohuone?""}",,True,"{""fi"":"""", ""sv"":"""", ""en"":"""" }"
1703,"{""fi"":""Itsepalvelupiste"", ""sv"":""[Svenska]Itsepalvelupiste"", ""en"":""[English]Itsepalvelupiste""}","{""fi"":""Onko rakennuksessa itsepalvelupiste?"", ""sv"":""[Svenska]Onko rakennuksessa itsepalvelupiste?"", ""en"":""[English]Onko rakennuksessa itsepalvelupiste?""}",,True,"{""fi"":"""", ""sv"":"""", ""en"":"""" }"
1704,"{""fi"":""Palvelutila"", ""sv"":""[Svenska]Palvelutila"", ""en"":""[English]Palvelutila""}","{""fi"":""Onko rakennuksessa palvelutila?"", ""sv"":""[Svenska]Onko rakennuksessa palvelutila?"", ""en"":""[English]Onko rakennuksessa palvelutila?""}",,True,"{""fi"":"""", ""sv"":"""", ""en"":"""" }"
1705,"{""fi"":""Katos"", ""sv"":""[Svenska]Katos"", ""en"":""[English]Katos""}","{""fi"":""Onko rakennuksessa katos?"", ""sv"":""[Svenska]Onko rakennuksessa katos?"", ""en"":""[English]Onko rakennuksessa katos?""}",,True,"{""fi"":"""", ""sv"":"""", ""en"":"""" }"
18,"{""fi"":""Kokoontuminen"", ""sv"":""[Svenska]Kokoontuminen"", ""en"":""[English]Kokoontuminen""}","{""fi"":""Onko rakennuksessa kokoontuminen?"", ""sv"":""[Svenska]Onko rakennuksessa kokoontuminen?"", ""en"":""[English]Onko rakennuksessa kokoontuminen?""}",,True,"{""fi"":"""", ""sv"":"""", ""en"":"""" }"
1801,"{""fi"":""Kokoushuone"", ""sv"":""[Svenska]Kokoushuone"", ""en"":""[English]Kokoushuone""}","{""fi"":""Onko rakennuksessa kokoushuone?"", ""sv"":""[Svenska]Onko rakennuksessa kokoushuone?"", ""en"":""[English]Onko rakennuksessa kokoushuone?""}",,True,"{""fi"":"""", ""sv"":"""", ""en"":"""" }"
1802,"{""fi"":""Lämpiö"", ""sv"":""[Svenska]Lämpiö"", ""en"":""[English]Lämpiö""}","{""fi"":""Onko rakennuksessa lämpiö?"", ""sv"":""[Svenska]Onko rakennuksessa lämpiö?"", ""en"":""[English]Onko rakennuksessa lämpiö?""}",,True,"{""fi"":"""", ""sv"":"""", ""en"":"""" }"
1803,"{""fi"":""Monitoimitila"", ""sv"":""[Svenska]Monitoimitila"", ""en"":""[English]Monitoimitila""}","{""fi"":""Onko rakennuksessa monitoimitila?"", ""sv"":""[Svenska]Onko rakennuksessa monitoimitila?"", ""en"":""[English]Onko rakennuksessa monitoimitila?""}",,True,"{""fi"":"""", ""sv"":"""", ""en"":"""" }"
1804,"{""fi"":""Odotustila"", ""sv"":""[Svenska]Odotustila"", ""en"":""[English]Odotustila""}","{""fi"":""Onko rakennuksessa odotustila?"", ""sv"":""[Svenska]Onko rakennuksessa odotustila?"", ""en"":""[English]Onko rakennuksessa odotustila?""}",,True,"{""fi"":"""", ""sv"":"""", ""en"":"""" }"
1805,"{""fi"":""Kokoussali"", ""sv"":""[Svenska]Kokoussali"", ""en"":""[English]Kokoussali""}","{""fi"":""Onko rakennuksessa kokoussali?"", ""sv"":""[Svenska]Onko rakennuksessa kokoussali?"", ""en"":""[English]Onko rakennuksessa kokoussali?""}",,True,"{""fi"":"""", ""sv"":"""", ""en"":"""" }"
1806,"{""fi"":""Elokuvasali"", ""sv"":""[Svenska]Elokuvasali"", ""en"":""[English]Elokuvasali""}","{""fi"":""Onko rakennuksessa elokuvasali?"", ""sv"":""[Svenska]Onko rakennuksessa elokuvasali?"", ""en"":""[English]Onko rakennuksessa elokuvasali?""}",,True,"{""fi"":"""", ""sv"":"""", ""en"":"""" }"
1807,"{""fi"":""Kahvikeittiö"", ""sv"":""[Svenska]Kahvikeittiö"", ""en"":""[English]Kahvikeittiö""}","{""fi"":""Onko rakennuksessa kahvikeittiö?"", ""sv"":""[Svenska]Onko rakennuksessa kahvikeittiö?"", ""en"":""[English]Onko rakennuksessa kahvikeittiö?""}",,True,"{""fi"":"""", ""sv"":"""", ""en"":"""" }"
1808,"{""fi"":""Sali"", ""sv"":""[Svenska]Sali"", ""en"":""[English]Sali""}","{""fi"":""Onko rakennuksessa sali?"", ""sv"":""[Svenska]Onko rakennuksessa sali?"", ""en"":""[English]Onko rakennuksessa sali?""}",,True,"{""fi"":"""", ""sv"":"""", ""en"":"""" }"
1809,"{""fi"":""Kirkkosali"", ""sv"":""[Svenska]Kirkkosali"", ""en"":""[English]Kirkkosali""}","{""fi"":""Onko rakennuksessa kirkkosali?"", ""sv"":""[Svenska]Onko rakennuksessa kirkkosali?"", ""en"":""[English]Onko rakennuksessa kirkkosali?""}",,True,"{""fi"":"""", ""sv"":"""", ""en"":"""" }"
1810,"{""fi"":""Sakaristo"", ""sv"":""[Svenska]Sakaristo"", ""en"":""[English]Sakaristo""}","{""fi"":""Onko rakennuksessa sakaristo?"", ""sv"":""[Svenska]Onko rakennuksessa sakaristo?"", ""en"":""[English]Onko rakennuksessa sakaristo?""}",,True,"{""fi"":"""", ""sv"":"""", ""en"":"""" }"
1811,"{""fi"":""Lähivarasto"", ""sv"":""[Svenska]Lähivarasto"", ""en"":""[English]Lähivarasto""}","{""fi"":""Onko rakennuksessa lähivarasto?"", ""sv"":""[Svenska]Onko rakennuksessa lähivarasto?"", ""en"":""[English]Onko rakennuksessa lähivarasto?""}",,True,"{""fi"":"""", ""sv"":"""", ""en"":"""" }"
19,"{""fi"":""Virkistys"", ""sv"":""[Svenska]Virkistys"", ""en"":""[English]Virkistys""}","{""fi"":""Onko rakennuksessa virkistys?"", ""sv"":""[Svenska]Onko rakennuksessa virkistys?"", ""en"":""[English]Onko rakennuksessa virkistys?""}",,True,"{""fi"":"""", ""sv"":"""", ""en"":"""" }"
1901,"{""fi"":""Kuntosali"", ""sv"":""[Svenska]Kuntosali"", ""en"":""[English]Kuntosali""}","{""fi"":""Onko rakennuksessa kuntosali?"", ""sv"":""[Svenska]Onko rakennuksessa kuntosali?"", ""en"":""[English]Onko rakennuksessa kuntosali?""}",,True,"{""fi"":"""", ""sv"":"""", ""en"":"""" }"
20,"{""fi"":""Liikenne"", ""sv"":""[Svenska]Liikenne"", ""en"":""[English]Liikenne""}","{""fi"":""Onko rakennuksessa liikenne?"", ""sv"":""[Svenska]Onko rakennuksessa liikenne?"", ""en"":""[English]Onko rakennuksessa liikenne?""}",,True,"{""fi"":"""", ""sv"":"""", ""en"":"""" }"
2001,"{""fi"":""Kalustohalli"", ""sv"":""[Svenska]Kalustohalli"", ""en"":""[English]Kalustohalli""}","{""fi"":""Onko rakennuksessa kalustohalli?"", ""sv"":""[Svenska]Onko rakennuksessa kalustohalli?"", ""en"":""[English]Onko rakennuksessa kalustohalli?""}",,True,"{""fi"":"""", ""sv"":"""", ""en"":"""" }"
2002,"{""fi"":""Lastaustila"", ""sv"":""[Svenska]Lastaustila"", ""en"":""[English]Lastaustila""}","{""fi"":""Onko rakennuksessa lastaustila?"", ""sv"":""[Svenska]Onko rakennuksessa lastaustila?"", ""en"":""[English]Onko rakennuksessa lastaustila?""}",,True,"{""fi"":"""", ""sv"":"""", ""en"":"""" }"
2003,"{""fi"":""Materiaalin käsittely"", ""sv"":""[Svenska]Materiaalin käsittely"", ""en"":""[English]Materiaalin käsittely""}","{""fi"":""Onko rakennuksessa materiaalin käsittely?"", ""sv"":""[Svenska]Onko rakennuksessa materiaalin käsittely?"", ""en"":""[English]Onko rakennuksessa materiaalin käsittely?""}",,True,"{""fi"":"""", ""sv"":"""", ""en"":"""" }"
2004,"{""fi"":""Palvelukeittiö"", ""sv"":""[Svenska]Palvelukeittiö"", ""en"":""[English]Palvelukeittiö""}","{""fi"":""Onko rakennuksessa palvelukeittiö?"", ""sv"":""[Svenska]Onko rakennuksessa palvelukeittiö?"", ""en"":""[English]Onko rakennuksessa palvelukeittiö?""}",,True,"{""fi"":"""", ""sv"":"""", ""en"":"""" }"
2005,"{""fi"":""Tarkastusalue"", ""sv"":""[Svenska]Tarkastusalue"", ""en"":""[English]Tarkastusalue""}","{""fi"":""Onko rakennuksessa tarkastusalue?"", ""sv"":""[Svenska]Onko rakennuksessa tarkastusalue?"", ""en"":""[English]Onko rakennuksessa tarkastusalue?""}",,True,"{""fi"":"""", ""sv"":"""", ""en"":"""" }"
2006,"{""fi"":""Tarkastuspiste"", ""sv"":""[Svenska]Tarkastuspiste"", ""en"":""[English]Tarkastuspiste""}","{""fi"":""Onko rakennuksessa tarkastuspiste?"", ""sv"":""[Svenska]Onko rakennuksessa tarkastuspiste?"", ""en"":""[English]Onko rakennuksessa tarkastuspiste?""}",,True,"{""fi"":"""", ""sv"":"""", ""en"":"""" }"
2007,"{""fi"":""Tarkastustila"", ""sv"":""[Svenska]Tarkastustila"", ""en"":""[English]Tarkastustila""}","{""fi"":""Onko rakennuksessa tarkastustila?"", ""sv"":""[Svenska]Onko rakennuksessa tarkastustila?"", ""en"":""[English]Onko rakennuksessa tarkastustila?""}",,True,"{""fi"":"""", ""sv"":"""", ""en"":"""" }"
2008,"{""fi"":""Eläintila"", ""sv"":""[Svenska]Eläintila"", ""en"":""[English]Eläintila""}","{""fi"":""Onko rakennuksessa eläintila?"", ""sv"":""[Svenska]Onko rakennuksessa eläintila?"", ""en"":""[English]Onko rakennuksessa eläintila?""}",,True,"{""fi"":"""", ""sv"":"""", ""en"":"""" }"
2009,"{""fi"":""Tupakointitila"", ""sv"":""[Svenska]Tupakointitila"", ""en"":""[English]Tupakointitila""}","{""fi"":""Onko rakennuksessa tupakointitila?"", ""sv"":""[Svenska]Onko rakennuksessa tupakointitila?"", ""en"":""[English]Onko rakennuksessa tupakointitila?""}",,True,"{""fi"":"""", ""sv"":"""", ""en"":"""" }"
21,"{""fi"":""Auto- ja kalustosäilytys"", ""sv"":""[Svenska]Auto- ja kalustosäilytys"", ""en"":""[English]Auto- ja kalustosäilytys""}","{""fi"":""Onko rakennuksessa auto- ja kalustosäilytys?"", ""sv"":""[Svenska]Onko rakennuksessa auto- ja kalustosäilytys?"", ""en"":""[English]Onko rakennuksessa auto- ja kalustosäilytys?""}",,True,"{""fi"":"""", ""sv"":"""", ""en"":"""" }"
2101,"{""fi"":""Ajoramppi"", ""sv"":""[Svenska]Ajoramppi"", ""en"":""[English]Ajoramppi""}","{""fi"":""Onko rakennuksessa ajoramppi?"", ""sv"":""[Svenska]Onko rakennuksessa ajoramppi?"", ""en"":""[English]Onko rakennuksessa ajoramppi?""}",,True,"{""fi"":"""", ""sv"":"""", ""en"":"""" }"
2102,"{""fi"":""Ajoväylä"", ""sv"":""[Svenska]Ajoväylä"", ""en"":""[English]Ajoväylä""}","{""fi"":""Onko rakennuksessa ajoväylä?"", ""sv"":""[Svenska]Onko rakennuksessa ajoväylä?"", ""en"":""[English]Onko rakennuksessa ajoväylä?""}",,True,"{""fi"":"""", ""sv"":"""", ""en"":"""" }"
2103,"{""fi"":""Pysäköintihalli"", ""sv"":""[Svenska]Pysäköintihalli"", ""en"":""[English]Pysäköintihalli""}","{""fi"":""Onko rakennuksessa pysäköintihalli?"", ""sv"":""[Svenska]Onko rakennuksessa pysäköintihalli?"", ""en"":""[English]Onko rakennuksessa pysäköintihalli?""}",,True,"{""fi"":"""", ""sv"":"""", ""en"":"""" }"
2104,"{""fi"":""Autokatos"", ""sv"":""[Svenska]Autokatos"", ""en"":""[English]Autokatos""}","{""fi"":""Onko rakennuksessa autokatos?"", ""sv"":""[Svenska]Onko rakennuksessa autokatos?"", ""en"":""[English]Onko rakennuksessa autokatos?""}",,True,"{""fi"":"""", ""sv"":"""", ""en"":"""" }"
22,"{""fi"":""Auto- ja kalustohuolto"", ""sv"":""[Svenska]Auto- ja kalustohuolto"", ""en"":""[English]Auto- ja kalustohuolto""}","{""fi"":""Onko rakennuksessa auto- ja kalustohuolto?"", ""sv"":""[Svenska]Onko rakennuksessa auto- ja kalustohuolto?"", ""en"":""[English]Onko rakennuksessa auto- ja kalustohuolto?""}",,True,"{""fi"":"""", ""sv"":"""", ""en"":"""" }"
2201,"{""fi"":""Huoltohalli"", ""sv"":""[Svenska]Huoltohalli"", ""en"":""[English]Huoltohalli""}","{""fi"":""Onko rakennuksessa huoltohalli?"", ""sv"":""[Svenska]Onko rakennuksessa huoltohalli?"", ""en"":""[English]Onko rakennuksessa huoltohalli?""}",,True,"{""fi"":"""", ""sv"":"""", ""en"":"""" }"
2202,"{""fi"":""Työnjohtotila"", ""sv"":""[Svenska]Työnjohtotila"", ""en"":""[English]Työnjohtotila""}","{""fi"":""Onko rakennuksessa työnjohtotila?"", ""sv"":""[Svenska]Onko rakennuksessa työnjohtotila?"", ""en"":""[English]Onko rakennuksessa työnjohtotila?""}",,True,"{""fi"":"""", ""sv"":"""", ""en"":"""" }"
2203,"{""fi"":""Verstas"", ""sv"":""[Svenska]Verstas"", ""en"":""[English]Verstas""}","{""fi"":""Onko rakennuksessa verstas?"", ""sv"":""[Svenska]Onko rakennuksessa verstas?"", ""en"":""[English]Onko rakennuksessa verstas?""}",,True,"{""fi"":"""", ""sv"":"""", ""en"":"""" }"
2204,"{""fi"":""Huoltohallli"", ""sv"":""[Svenska]Huoltohallli"", ""en"":""[English]Huoltohallli""}","{""fi"":""Onko rakennuksessa huoltohallli?"", ""sv"":""[Svenska]Onko rakennuksessa huoltohallli?"", ""en"":""[English]Onko rakennuksessa huoltohallli?""}",,True,"{""fi"":"""", ""sv"":"""", ""en"":"""" }"
23,"{""fi"":""Tuotanto"", ""sv"":""[Svenska]Tuotanto"", ""en"":""[English]Tuotanto""}","{""fi"":""Onko rakennuksessa tuotanto?"", ""sv"":""[Svenska]Onko rakennuksessa tuotanto?"", ""en"":""[English]Onko rakennuksessa tuotanto?""}",,True,"{""fi"":"""", ""sv"":"""", ""en"":"""" }"
2301,"{""fi"":""Palvelinsali"", ""sv"":""[Svenska]Palvelinsali"", ""en"":""[English]Palvelinsali""}","{""fi"":""Onko rakennuksessa palvelinsali?"", ""sv"":""[Svenska]Onko rakennuksessa palvelinsali?"", ""en"":""[English]Onko rakennuksessa palvelinsali?""}",,True,"{""fi"":"""", ""sv"":"""", ""en"":"""" }"
2302,"{""fi"":""Sulkutilat"", ""sv"":""[Svenska]Sulkutilat"", ""en"":""[English]Sulkutilat""}","{""fi"":""Onko rakennuksessa sulkutilat?"", ""sv"":""[Svenska]Onko rakennuksessa sulkutilat?"", ""en"":""[English]Onko rakennuksessa sulkutilat?""}",,True,"{""fi"":"""", ""sv"":"""", ""en"":"""" }"
2303,"{""fi"":""Tuotantotila"", ""sv"":""[Svenska]Tuotantotila"", ""en"":""[English]Tuotantotila""}","{""fi"":""Onko rakennuksessa tuotantotila?"", ""sv"":""[Svenska]Onko rakennuksessa tuotantotila?"", ""en"":""[English]Onko rakennuksessa tuotantotila?""}",,True,"{""fi"":"""", ""sv"":"""", ""en"":"""" }"
2304,"{""fi"":""Allastila"", ""sv"":""[Svenska]Allastila"", ""en"":""[English]Allastila""}","{""fi"":""Onko rakennuksessa allastila?"", ""sv"":""[Svenska]Onko rakennuksessa allastila?"", ""en"":""[English]Onko rakennuksessa allastila?""}",,True,"{""fi"":"""", ""sv"":"""", ""en"":"""" }"
2305,"{""fi"":""Prosessihalli"", ""sv"":""[Svenska]Prosessihalli"", ""en"":""[English]Prosessihalli""}","{""fi"":""Onko rakennuksessa prosessihalli?"", ""sv"":""[Svenska]Onko rakennuksessa prosessihalli?"", ""en"":""[English]Onko rakennuksessa prosessihalli?""}",,True,"{""fi"":"""", ""sv"":"""", ""en"":"""" }"
24,"{""fi"":""Terveys"", ""sv"":""[Svenska]Terveys"", ""en"":""[English]Terveys""}","{""fi"":""Onko rakennuksessa terveys?"", ""sv"":""[Svenska]Onko rakennuksessa terveys?"", ""en"":""[English]Onko rakennuksessa terveys?""}",,True,"{""fi"":"""", ""sv"":"""", ""en"":"""" }"
2401,"{""fi"":""Itsehoitopiste"", ""sv"":""[Svenska]Itsehoitopiste"", ""en"":""[English]Itsehoitopiste""}","{""fi"":""Onko rakennuksessa itsehoitopiste?"", ""sv"":""[Svenska]Onko rakennuksessa itsehoitopiste?"", ""en"":""[English]Onko rakennuksessa itsehoitopiste?""}",,True,"{""fi"":"""", ""sv"":"""", ""en"":"""" }"
2402,"{""fi"":""Lepohuone"", ""sv"":""[Svenska]Lepohuone"", ""en"":""[English]Lepohuone""}","{""fi"":""Onko rakennuksessa lepohuone?"", ""sv"":""[Svenska]Onko rakennuksessa lepohuone?"", ""en"":""[English]Onko rakennuksessa lepohuone?""}",,True,"{""fi"":"""", ""sv"":"""", ""en"":"""" }"
2403,"{""fi"":""Toimenpidehuone"", ""sv"":""[Svenska]Toimenpidehuone"", ""en"":""[English]Toimenpidehuone""}","{""fi"":""Onko rakennuksessa toimenpidehuone?"", ""sv"":""[Svenska]Onko rakennuksessa toimenpidehuone?"", ""en"":""[English]Onko rakennuksessa toimenpidehuone?""}",,True,"{""fi"":"""", ""sv"":"""", ""en"":"""" }"
2404,"{""fi"":""Toimistotyöpiste"", ""sv"":""[Svenska]Toimistotyöpiste"", ""en"":""[English]Toimistotyöpiste""}","{""fi"":""Onko rakennuksessa toimistotyöpiste?"", ""sv"":""[Svenska]Onko rakennuksessa toimistotyöpiste?"", ""en"":""[English]Onko rakennuksessa toimistotyöpiste?""}",,True,"{""fi"":"""", ""sv"":"""", ""en"":"""" }"
2405,"{""fi"":""Vastaanottohuone"", ""sv"":""[Svenska]Vastaanottohuone"", ""en"":""[English]Vastaanottohuone""}","{""fi"":""Onko rakennuksessa vastaanottohuone?"", ""sv"":""[Svenska]Onko rakennuksessa vastaanottohuone?"", ""en"":""[English]Onko rakennuksessa vastaanottohuone?""}",,True,"{""fi"":"""", ""sv"":"""", ""en"":"""" }"
25,"{""fi"":""Sairaanhoito"", ""sv"":""[Svenska]Sairaanhoito"", ""en"":""[English]Sairaanhoito""}","{""fi"":""Onko rakennuksessa sairaanhoito?"", ""sv"":""[Svenska]Onko rakennuksessa sairaanhoito?"", ""en"":""[English]Onko rakennuksessa sairaanhoito?""}",,True,"{""fi"":"""", ""sv"":"""", ""en"":"""" }"
2501,"{""fi"":""Heräämö"", ""sv"":""[Svenska]Heräämö"", ""en"":""[English]Heräämö""}","{""fi"":""Onko rakennuksessa heräämö?"", ""sv"":""[Svenska]Onko rakennuksessa heräämö?"", ""en"":""[English]Onko rakennuksessa heräämö?""}",,True,"{""fi"":"""", ""sv"":"""", ""en"":"""" }"
2502,"{""fi"":""Lastenhoitohuone"", ""sv"":""[Svenska]Lastenhoitohuone"", ""en"":""[English]Lastenhoitohuone""}","{""fi"":""Onko rakennuksessa lastenhoitohuone?"", ""sv"":""[Svenska]Onko rakennuksessa lastenhoitohuone?"", ""en"":""[English]Onko rakennuksessa lastenhoitohuone?""}",,True,"{""fi"":"""", ""sv"":"""", ""en"":"""" }"
2503,"{""fi"":""Leikkaussali"", ""sv"":""[Svenska]Leikkaussali"", ""en"":""[English]Leikkaussali""}","{""fi"":""Onko rakennuksessa leikkaussali?"", ""sv"":""[Svenska]Onko rakennuksessa leikkaussali?"", ""en"":""[English]Onko rakennuksessa leikkaussali?""}",,True,"{""fi"":"""", ""sv"":"""", ""en"":"""" }"
2504,"{""fi"":""Liikuntatila"", ""sv"":""[Svenska]Liikuntatila"", ""en"":""[English]Liikuntatila""}","{""fi"":""Onko rakennuksessa liikuntatila?"", ""sv"":""[Svenska]Onko rakennuksessa liikuntatila?"", ""en"":""[English]Onko rakennuksessa liikuntatila?""}",,True,"{""fi"":"""", ""sv"":"""", ""en"":"""" }"
2505,"{""fi"":""Pesuhuone, esteetön"", ""sv"":""[Svenska]Pesuhuone, esteetön"", ""en"":""[English]Pesuhuone, esteetön""}","{""fi"":""Onko rakennuksessa pesuhuone, esteetön?"", ""sv"":""[Svenska]Onko rakennuksessa pesuhuone, esteetön?"", ""en"":""[English]Onko rakennuksessa pesuhuone, esteetön?""}",,True,"{""fi"":"""", ""sv"":"""", ""en"":"""" }"
2506,"{""fi"":""Pesupiste"", ""sv"":""[Svenska]Pesupiste"", ""en"":""[English]Pesupiste""}","{""fi"":""Onko rakennuksessa pesupiste?"", ""sv"":""[Svenska]Onko rakennuksessa pesupiste?"", ""en"":""[English]Onko rakennuksessa pesupiste?""}",,True,"{""fi"":"""", ""sv"":"""", ""en"":"""" }"
2507,"{""fi"":""Potilashuone"", ""sv"":""[Svenska]Potilashuone"", ""en"":""[English]Potilashuone""}","{""fi"":""Onko rakennuksessa potilashuone?"", ""sv"":""[Svenska]Onko rakennuksessa potilashuone?"", ""en"":""[English]Onko rakennuksessa potilashuone?""}",,True,"{""fi"":"""", ""sv"":"""", ""en"":"""" }"
2508,"{""fi"":""Pukuhuone, esteetön"", ""sv"":""[Svenska]Pukuhuone, esteetön"", ""en"":""[English]Pukuhuone, esteetön""}","{""fi"":""Onko rakennuksessa pukuhuone, esteetön?"", ""sv"":""[Svenska]Onko rakennuksessa pukuhuone, esteetön?"", ""en"":""[English]Onko rakennuksessa pukuhuone, esteetön?""}",,True,"{""fi"":"""", ""sv"":"""", ""en"":"""" }"
2509,"{""fi"":""Ryhmätila"", ""sv"":""[Svenska]Ryhmätila"", ""en"":""[English]Ryhmätila""}","{""fi"":""Onko rakennuksessa ryhmätila?"", ""sv"":""[Svenska]Onko rakennuksessa ryhmätila?"", ""en"":""[English]Onko rakennuksessa ryhmätila?""}",,True,"{""fi"":"""", ""sv"":"""", ""en"":"""" }"
2510,"{""fi"":""Välinehuoltotila"", ""sv"":""[Svenska]Välinehuoltotila"", ""en"":""[English]Välinehuoltotila""}","{""fi"":""Onko rakennuksessa välinehuoltotila?"", ""sv"":""[Svenska]Onko rakennuksessa välinehuoltotila?"", ""en"":""[English]Onko rakennuksessa välinehuoltotila?""}",,True,"{""fi"":"""", ""sv"":"""", ""en"":"""" }"
2511,"{""fi"":""Työtila"", ""sv"":""[Svenska]Työtila"", ""en"":""[English]Työtila""}","{""fi"":""Onko rakennuksessa työtila?"", ""sv"":""[Svenska]Onko rakennuksessa työtila?"", ""en"":""[English]Onko rakennuksessa työtila?""}",,True,"{""fi"":"""", ""sv"":"""", ""en"":"""" }"
26,"{""fi"":""Kuvantaminen"", ""sv"":""[Svenska]Kuvantaminen"", ""en"":""[English]Kuvantaminen""}","{""fi"":""Onko rakennuksessa kuvantaminen?"", ""sv"":""[Svenska]Onko rakennuksessa kuvantaminen?"", ""en"":""[English]Onko rakennuksessa kuvantaminen?""}",,True,"{""fi"":"""", ""sv"":"""", ""en"":"""" }"
2601,"{""fi"":""Hätäsuihku"", ""sv"":""[Svenska]Hätäsuihku"", ""en"":""[English]Hätäsuihku""}","{""fi"":""Onko rakennuksessa hätäsuihku?"", ""sv"":""[Svenska]Onko rakennuksessa hätäsuihku?"", ""en"":""[English]Onko rakennuksessa hätäsuihku?""}",,True,"{""fi"":"""", ""sv"":"""", ""en"":"""" }"
2602,"{""fi"":""Laboratoriotyöpiste"", ""sv"":""[Svenska]Laboratoriotyöpiste"", ""en"":""[English]Laboratoriotyöpiste""}","{""fi"":""Onko rakennuksessa laboratoriotyöpiste?"", ""sv"":""[Svenska]Onko rakennuksessa laboratoriotyöpiste?"", ""en"":""[English]Onko rakennuksessa laboratoriotyöpiste?""}",,True,"{""fi"":"""", ""sv"":"""", ""en"":"""" }"
2603,"{""fi"":""Tutkimushuone"", ""sv"":""[Svenska]Tutkimushuone"", ""en"":""[English]Tutkimushuone""}","{""fi"":""Onko rakennuksessa tutkimushuone?"", ""sv"":""[Svenska]Onko rakennuksessa tutkimushuone?"", ""en"":""[English]Onko rakennuksessa tutkimushuone?""}",,True,"{""fi"":"""", ""sv"":"""", ""en"":"""" }"
27,"{""fi"":""Osastohoito"", ""sv"":""[Svenska]Osastohoito"", ""en"":""[English]Osastohoito""}","{""fi"":""Onko rakennuksessa osastohoito?"", ""sv"":""[Svenska]Onko rakennuksessa osastohoito?"", ""en"":""[English]Onko rakennuksessa osastohoito?""}",,True,"{""fi"":"""", ""sv"":"""", ""en"":"""" }"
28,"{""fi"":""Laboratorio"", ""sv"":""[Svenska]Laboratorio"", ""en"":""[English]Laboratorio""}","{""fi"":""Onko rakennuksessa laboratorio?"", ""sv"":""[Svenska]Onko rakennuksessa laboratorio?"", ""en"":""[English]Onko rakennuksessa laboratorio?""}",,True,"{""fi"":"""", ""sv"":"""", ""en"":"""" }"
2801,"{""fi"":""Laboratoriotila"", ""sv"":""[Svenska]Laboratoriotila"", ""en"":""[English]Laboratoriotila""}","{""fi"":""Onko rakennuksessa laboratoriotila?"", ""sv"":""[Svenska]Onko rakennuksessa laboratoriotila?"", ""en"":""[English]Onko rakennuksessa laboratoriotila?""}",,True,"{""fi"":"""", ""sv"":"""", ""en"":"""" }"
2802,"{""fi"":""Tutkimuslaitetila"", ""sv"":""[Svenska]Tutkimuslaitetila"", ""en"":""[English]Tutkimuslaitetila""}","{""fi"":""Onko rakennuksessa tutkimuslaitetila?"", ""sv"":""[Svenska]Onko rakennuksessa tutkimuslaitetila?"", ""en"":""[English]Onko rakennuksessa tutkimuslaitetila?""}",,True,"{""fi"":"""", ""sv"":"""", ""en"":"""" }"
29,"{""fi"":""Harrastus"", ""sv"":""[Svenska]Harrastus"", ""en"":""[English]Harrastus""}","{""fi"":""Onko rakennuksessa harrastus?"", ""sv"":""[Svenska]Onko rakennuksessa harrastus?"", ""en"":""[English]Onko rakennuksessa harrastus?""}",,True,"{""fi"":"""", ""sv"":"""", ""en"":"""" }"
2901,"{""fi"":""Harrastetila"", ""sv"":""[Svenska]Harrastetila"", ""en"":""[English]Harrastetila""}","{""fi"":""Onko rakennuksessa harrastetila?"", ""sv"":""[Svenska]Onko rakennuksessa harrastetila?"", ""en"":""[English]Onko rakennuksessa harrastetila?""}",,True,"{""fi"":"""", ""sv"":"""", ""en"":"""" }"
2902,"{""fi"":""Kirjastotila"", ""sv"":""[Svenska]Kirjastotila"", ""en"":""[English]Kirjastotila""}","{""fi"":""Onko rakennuksessa kirjastotila?"", ""sv"":""[Svenska]Onko rakennuksessa kirjastotila?"", ""en"":""[English]Onko rakennuksessa kirjastotila?""}",,True,"{""fi"":"""", ""sv"":"""", ""en"":"""" }"
30,"{""fi"":""Liikunta"", ""sv"":""[Svenska]Liikunta"", ""en"":""[English]Liikunta""}","{""fi"":""Onko rakennuksessa liikunta?"", ""sv"":""[Svenska]Onko rakennuksessa liikunta?"", ""en"":""[English]Onko rakennuksessa liikunta?""}",,True,"{""fi"":"""", ""sv"":"""", ""en"":"""" }"
3001,"{""fi"":""Liikuntasali"", ""sv"":""[Svenska]Liikuntasali"", ""en"":""[English]Liikuntasali""}","{""fi"":""Onko rakennuksessa liikuntasali?"", ""sv"":""[Svenska]Onko rakennuksessa liikuntasali?"", ""en"":""[English]Onko rakennuksessa liikuntasali?""}",,True,"{""fi"":"""", ""sv"":"""", ""en"":"""" }"
3002,"{""fi"":""Jäähalli"", ""sv"":""[Svenska]Jäähalli"", ""en"":""[English]Jäähalli""}","{""fi"":""Onko rakennuksessa jäähalli?"", ""sv"":""[Svenska]Onko rakennuksessa jäähalli?"", ""en"":""[English]Onko rakennuksessa jäähalli?""}",,True,"{""fi"":"""", ""sv"":"""", ""en"":"""" }"
3003,"{""fi"":""Katsomo"", ""sv"":""[Svenska]Katsomo"", ""en"":""[English]Katsomo""}","{""fi"":""Onko rakennuksessa katsomo?"", ""sv"":""[Svenska]Onko rakennuksessa katsomo?"", ""en"":""[English]Onko rakennuksessa katsomo?""}",,True,"{""fi"":"""", ""sv"":"""", ""en"":"""" }"
3004,"{""fi"":""Aitio"", ""sv"":""[Svenska]Aitio"", ""en"":""[English]Aitio""}","{""fi"":""Onko rakennuksessa aitio?"", ""sv"":""[Svenska]Onko rakennuksessa aitio?"", ""en"":""[English]Onko rakennuksessa aitio?""}",,True,"{""fi"":"""", ""sv"":"""", ""en"":"""" }"
31,"{""fi"":""Muut palvelut"", ""sv"":""[Svenska]Muut palvelut"", ""en"":""[English]Muut palvelut""}","{""fi"":""Onko rakennuksessa muut palvelut?"", ""sv"":""[Svenska]Onko rakennuksessa muut palvelut?"", ""en"":""[English]Onko rakennuksessa muut palvelut?""}",,False,"{""fi"":"""", ""sv"":"""", ""en"":"""" }"
3101,"{""fi"":""Löylyhuone, esteetön"", ""sv"":""[Svenska]Löylyhuone, esteetön"", ""en"":""[English]Löylyhuone, esteetön""}","{""fi"":""Onko rakennuksessa löylyhuone, esteetön?"", ""sv"":""[Svenska]Onko rakennuksessa löylyhuone, esteetön?"", ""en"":""[English]Onko rakennuksessa löylyhuone, esteetön?""}",,True,"{""fi"":"""", ""sv"":"""", ""en"":"""" }"
32,"{""fi"":""Vankila-asuminen"", ""sv"":""[Svenska]Vankila-asuminen"", ""en"":""[English]Vankila-asuminen""}","{""fi"":""Onko rakennuksessa vankila-asuminen?"", ""sv"":""[Svenska]Onko rakennuksessa vankila-asuminen?"", ""en"":""[English]Onko rakennuksessa vankila-asuminen?""}",,True,"{""fi"":"""", ""sv"":"""", ""en"":"""" }"
3201,"{""fi"":""Neuvotteluhuone"", ""sv"":""[Svenska]Neuvotteluhuone"", ""en"":""[English]Neuvotteluhuone""}","{""fi"":""Onko rakennuksessa neuvotteluhuone?"", ""sv"":""[Svenska]Onko rakennuksessa neuvotteluhuone?"", ""en"":""[English]Onko rakennuksessa neuvotteluhuone?""}",,True,"{""fi"":"""", ""sv"":"""", ""en"":"""" }"
3202,"{""fi"":""Selli"", ""sv"":""[Svenska]Selli"", ""en"":""[English]Selli""}","{""fi"":""Onko rakennuksessa selli?"", ""sv"":""[Svenska]Onko rakennuksessa selli?"", ""en"":""[English]Onko rakennuksessa selli?""}",,True,"{""fi"":"""", ""sv"":"""", ""en"":"""" }"
33,"{""fi"":""Turvallisuus"", ""sv"":""[Svenska]Turvallisuus"", ""en"":""[English]Turvallisuus""}","{""fi"":""Onko rakennuksessa turvallisuus?"", ""sv"":""[Svenska]Onko rakennuksessa turvallisuus?"", ""en"":""[English]Onko rakennuksessa turvallisuus?""}",,True,"{""fi"":"""", ""sv"":"""", ""en"":"""" }"
3301,"{""fi"":""Märkäeteinen"", ""sv"":""[Svenska]Märkäeteinen"", ""en"":""[English]Märkäeteinen""}","{""fi"":""Onko rakennuksessa märkäeteinen?"", ""sv"":""[Svenska]Onko rakennuksessa märkäeteinen?"", ""en"":""[English]Onko rakennuksessa märkäeteinen?""}",,True,"{""fi"":"""", ""sv"":"""", ""en"":"""" }"
3302,"{""fi"":""Vaatehuoltotila"", ""sv"":""[Svenska]Vaatehuoltotila"", ""en"":""[English]Vaatehuoltotila""}","{""fi"":""Onko rakennuksessa vaatehuoltotila?"", ""sv"":""[Svenska]Onko rakennuksessa vaatehuoltotila?"", ""en"":""[English]Onko rakennuksessa vaatehuoltotila?""}",,True,"{""fi"":"""", ""sv"":"""", ""en"":"""" }"
3303,"{""fi"":""WC, näyte"", ""sv"":""[Svenska]WC, näyte"", ""en"":""[English]WC, näyte""}","{""fi"":""Onko rakennuksessa wc, näyte?"", ""sv"":""[Svenska]Onko rakennuksessa wc, näyte?"", ""en"":""[English]Onko rakennuksessa wc, näyte?""}",1,True,"{""fi"":"""", ""sv"":"""", ""en"":"""" }"
3304,"{""fi"":""Väestönsuoja"", ""sv"":""[Svenska]Väestönsuoja"", ""en"":""[English]Väestönsuoja""}","{""fi"":""Onko rakennuksessa väestönsuoja?"", ""sv"":""[Svenska]Onko rakennuksessa väestönsuoja?"", ""en"":""[English]Onko rakennuksessa väestönsuoja?""}",,True,"{""fi"":"""", ""sv"":"""", ""en"":"""" }"
34,"{""fi"":""Kirjasto"", ""sv"":""[Svenska]Kirjasto"", ""en"":""[English]Kirjasto""}","{""fi"":""Onko rakennuksessa kirjasto?"", ""sv"":""[Svenska]Onko rakennuksessa kirjasto?"", ""en"":""[English]Onko rakennuksessa kirjasto?""}",,True,"{""fi"":"""", ""sv"":"""", ""en"":"""" }"
3401,"{""fi"":""Kokoelma-alue"", ""sv"":""[Svenska]Kokoelma-alue"", ""en"":""[English]Kokoelma-alue""}","{""fi"":""Onko rakennuksessa kokoelma-alue?"", ""sv"":""[Svenska]Onko rakennuksessa kokoelma-alue?"", ""en"":""[English]Onko rakennuksessa kokoelma-alue?""}",,True,"{""fi"":"""", ""sv"":"""", ""en"":"""" }"
3402,"{""fi"":""Lukualue"", ""sv"":""[Svenska]Lukualue"", ""en"":""[English]Lukualue""}","{""fi"":""Onko rakennuksessa lukualue?"", ""sv"":""[Svenska]Onko rakennuksessa lukualue?"", ""en"":""[English]Onko rakennuksessa lukualue?""}",,True,"{""fi"":"""", ""sv"":"""", ""en"":"""" }"
3403,"{""fi"":""Lukusali"", ""sv"":""[Svenska]Lukusali"", ""en"":""[English]Lukusali""}","{""fi"":""Onko rakennuksessa lukusali?"", ""sv"":""[Svenska]Onko rakennuksessa lukusali?"", ""en"":""[English]Onko rakennuksessa lukusali?""}",,True,"{""fi"":"""", ""sv"":"""", ""en"":"""" }"
3404,"{""fi"":""Näyttelytila"", ""sv"":""[Svenska]Näyttelytila"", ""en"":""[English]Näyttelytila""}","{""fi"":""Onko rakennuksessa näyttelytila?"", ""sv"":""[Svenska]Onko rakennuksessa näyttelytila?"", ""en"":""[English]Onko rakennuksessa näyttelytila?""}",,True,"{""fi"":"""", ""sv"":"""", ""en"":"""" }"
35,"{""fi"":""Näyttely"", ""sv"":""[Svenska]Näyttely"", ""en"":""[English]Näyttely""}","{""fi"":""Onko rakennuksessa näyttely?"", ""sv"":""[Svenska]Onko rakennuksessa näyttely?"", ""en"":""[English]Onko rakennuksessa näyttely?""}",,True,"{""fi"":"""", ""sv"":"""", ""en"":"""" }"
3501,"{""fi"":""Näyttelyhalli"", ""sv"":""[Svenska]Näyttelyhalli"", ""en"":""[English]Näyttelyhalli""}","{""fi"":""Onko rakennuksessa näyttelyhalli?"", ""sv"":""[Svenska]Onko rakennuksessa näyttelyhalli?"", ""en"":""[English]Onko rakennuksessa näyttelyhalli?""}",,True,"{""fi"":"""", ""sv"":"""", ""en"":"""" }"
36,"{""fi"":""Sisäuinti"", ""sv"":""[Svenska]Sisäuinti"", ""en"":""[English]Sisäuinti""}","{""fi"":""Onko rakennuksessa sisäuinti?"", ""sv"":""[Svenska]Onko rakennuksessa sisäuinti?"", ""en"":""[English]Onko rakennuksessa sisäuinti?""}",,True,"{""fi"":"""", ""sv"":"""", ""en"":"""" }"
3601,"{""fi"":""Uima-allasalue"", ""sv"":""[Svenska]Uima-allasalue"", ""en"":""[English]Uima-allasalue""}","{""fi"":""Onko rakennuksessa uima-allasalue?"", ""sv"":""[Svenska]Onko rakennuksessa uima-allasalue?"", ""en"":""[English]Onko rakennuksessa uima-allasalue?""}",,True,"{""fi"":"""", ""sv"":"""", ""en"":"""" }"
37,"{""fi"":""Sisäliikunta"", ""sv"":""[Svenska]Sisäliikunta"", ""en"":""[English]Sisäliikunta""}","{""fi"":""Onko rakennuksessa sisäliikunta?"", ""sv"":""[Svenska]Onko rakennuksessa sisäliikunta?"", ""en"":""[English]Onko rakennuksessa sisäliikunta?""}",,True,"{""fi"":"""", ""sv"":"""", ""en"":"""" }"
3701,"{""fi"":""Urheiluhalli"", ""sv"":""[Svenska]Urheiluhalli"", ""en"":""[English]Urheiluhalli""}","{""fi"":""Onko rakennuksessa urheiluhalli?"", ""sv"":""[Svenska]Onko rakennuksessa urheiluhalli?"", ""en"":""[English]Onko rakennuksessa urheiluhalli?""}",,True,"{""fi"":"""", ""sv"":"""", ""en"":"""" }"
38,"{""fi"":""Päivähoito"", ""sv"":""[Svenska]Päivähoito"", ""en"":""[English]Päivähoito""}","{""fi"":""Onko rakennuksessa päivähoito?"", ""sv"":""[Svenska]Onko rakennuksessa päivähoito?"", ""en"":""[English]Onko rakennuksessa päivähoito?""}",,True,"{""fi"":"""", ""sv"":"""", ""en"":"""" }"
3801,"{""fi"":""Lepo- ja leikkihuone"", ""sv"":""[Svenska]Lepo- ja leikkihuone"", ""en"":""[English]Lepo- ja leikkihuone""}","{""fi"":""Onko rakennuksessa lepo- ja leikkihuone?"", ""sv"":""[Svenska]Onko rakennuksessa lepo- ja leikkihuone?"", ""en"":""[English]Onko rakennuksessa lepo- ja leikkihuone?""}",,True,"{""fi"":"""", ""sv"":"""", ""en"":"""" }"
39,"{""fi"":""Oppiminen"", ""sv"":""[Svenska]Oppiminen"", ""en"":""[English]Oppiminen""}","{""fi"":""Onko rakennuksessa oppiminen?"", ""sv"":""[Svenska]Onko rakennuksessa oppiminen?"", ""en"":""[English]Onko rakennuksessa oppiminen?""}",,True,"{""fi"":"""", ""sv"":"""", ""en"":"""" }"
3901,"{""fi"":""Kotiluokka"", ""sv"":""[Svenska]Kotiluokka"", ""en"":""[English]Kotiluokka""}","{""fi"":""Onko rakennuksessa kotiluokka?"", ""sv"":""[Svenska]Onko rakennuksessa kotiluokka?"", ""en"":""[English]Onko rakennuksessa kotiluokka?""}",,True,"{""fi"":"""", ""sv"":"""", ""en"":"""" }"
3902,"{""fi"":""Pintakäsittelytila"", ""sv"":""[Svenska]Pintakäsittelytila"", ""en"":""[English]Pintakäsittelytila""}","{""fi"":""Onko rakennuksessa pintakäsittelytila?"", ""sv"":""[Svenska]Onko rakennuksessa pintakäsittelytila?"", ""en"":""[English]Onko rakennuksessa pintakäsittelytila?""}",,True,"{""fi"":"""", ""sv"":"""", ""en"":"""" }"
3903,"{""fi"":""Puutyötila"", ""sv"":""[Svenska]Puutyötila"", ""en"":""[English]Puutyötila""}","{""fi"":""Onko rakennuksessa puutyötila?"", ""sv"":""[Svenska]Onko rakennuksessa puutyötila?"", ""en"":""[English]Onko rakennuksessa puutyötila?""}",,True,"{""fi"":"""", ""sv"":"""", ""en"":"""" }"
3904,"{""fi"":""Tekstiilityö- ja musiikkiluokka"", ""sv"":""[Svenska]Tekstiilityö- ja musiikkiluokka"", ""en"":""[English]Tekstiilityö- ja musiikkiluokka""}","{""fi"":""Onko rakennuksessa tekstiilityö- ja musiikkiluokka?"", ""sv"":""[Svenska]Onko rakennuksessa tekstiilityö- ja musiikkiluokka?"", ""en"":""[English]Onko rakennuksessa tekstiilityö- ja musiikkiluokka?""}",,True,"{""fi"":"""", ""sv"":"""", ""en"":"""" }"
3905,"{""fi"":""Tulityötila"", ""sv"":""[Svenska]Tulityötila"", ""en"":""[English]Tulityötila""}","{""fi"":""Onko rakennuksessa tulityötila?"", ""sv"":""[Svenska]Onko rakennuksessa tulityötila?"", ""en"":""[English]Onko rakennuksessa tulityötila?""}",,True,"{""fi"":"""", ""sv"":"""", ""en"":"""" }"
3906,"{""fi"":""Ulkoiluvälinevarasto"", ""sv"":""[Svenska]Ulkoiluvälinevarasto"", ""en"":""[English]Ulkoiluvälinevarasto""}","{""fi"":""Onko rakennuksessa ulkoiluvälinevarasto?"", ""sv"":""[Svenska]Onko rakennuksessa ulkoiluvälinevarasto?"", ""en"":""[English]Onko rakennuksessa ulkoiluvälinevarasto?""}",,True,"{""fi"":"""", ""sv"":"""", ""en"":"""" }"
3907,"{""fi"":""Lukutila"", ""sv"":""[Svenska]Lukutila"", ""en"":""[English]Lukutila""}","{""fi"":""Onko rakennuksessa lukutila?"", ""sv"":""[Svenska]Onko rakennuksessa lukutila?"", ""en"":""[English]Onko rakennuksessa lukutila?""}",,True,"{""fi"":"""", ""sv"":"""", ""en"":"""" }"
3908,"{""fi"":""Studiotila"", ""sv"":""[Svenska]Studiotila"", ""en"":""[English]Studiotila""}","{""fi"":""Onko rakennuksessa studiotila?"", ""sv"":""[Svenska]Onko rakennuksessa studiotila?"", ""en"":""[English]Onko rakennuksessa studiotila?""}",,True,"{""fi"":"""", ""sv"":"""", ""en"":"""" }"
3909,"{""fi"":""Yleisopetustila"", ""sv"":""[Svenska]Yleisopetustila"", ""en"":""[English]Yleisopetustila""}","{""fi"":""Onko rakennuksessa yleisopetustila?"", ""sv"":""[Svenska]Onko rakennuksessa yleisopetustila?"", ""en"":""[English]Onko rakennuksessa yleisopetustila?""}",,True,"{""fi"":"""", ""sv"":"""", ""en"":"""" }"
3910,"{""fi"":""Auditorio"", ""sv"":""[Svenska]Auditorio"", ""en"":""[English]Auditorio""}","{""fi"":""Onko rakennuksessa auditorio?"", ""sv"":""[Svenska]Onko rakennuksessa auditorio?"", ""en"":""[English]Onko rakennuksessa auditorio?""}",,True,"{""fi"":"""", ""sv"":"""", ""en"":"""" }"
40,"{""fi"":""Kokoelma"", ""sv"":""[Svenska]Kokoelma"", ""en"":""[English]Kokoelma""}","{""fi"":""Onko rakennuksessa kokoelma?"", ""sv"":""[Svenska]Onko rakennuksessa kokoelma?"", ""en"":""[English]Onko rakennuksessa kokoelma?""}",,False,"{""fi"":"""", ""sv"":"""", ""en"":"""" }"
41,"{""fi"":""Eläinten kasvatus"", ""sv"":""[Svenska]Eläinten kasvatus"", ""en"":""[English]Eläinten kasvatus""}","{""fi"":""Onko rakennuksessa eläinten kasvatus?"", ""sv"":""[Svenska]Onko rakennuksessa eläinten kasvatus?"", ""en"":""[English]Onko rakennuksessa eläinten kasvatus?""}",,True,"{""fi"":"""", ""sv"":"""", ""en"":"""" }"
4101,"{""fi"":""Eläinsuoja"", ""sv"":""[Svenska]Eläinsuoja"", ""en"":""[English]Eläinsuoja""}","{""fi"":""Onko rakennuksessa eläinsuoja?"", ""sv"":""[Svenska]Onko rakennuksessa eläinsuoja?"", ""en"":""[English]Onko rakennuksessa eläinsuoja?""}",,True,"{""fi"":"""", ""sv"":"""", ""en"":"""" }"
4102,"{""fi"":""Pesutila"", ""sv"":""[Svenska]Pesutila"", ""en"":""[English]Pesutila""}","{""fi"":""Onko rakennuksessa pesutila?"", ""sv"":""[Svenska]Onko rakennuksessa pesutila?"", ""en"":""[English]Onko rakennuksessa pesutila?""}",,True,"{""fi"":"""", ""sv"":"""", ""en"":"""" }"
